Id,StateAbbr,CategoryUno,SubcategoryUno,Subcategory
1,AK,2D43B4FD-FAC8-47C3-A891-085F5D74D64B,546C6AD6-4D2B-4B1D-B09F-8016C5B02D66,COVID-19-Housing
2,AK,2D43B4FD-FAC8-47C3-A891-085F5D74D64B,572148E8-96C7-4B74-8280-B749191C5B4C,COVID-19-Insurance
3,AK,2D43B4FD-FAC8-47C3-A891-085F5D74D64B,5AA5088E-3A9D-4D99-B6FE-69122C34194A,"COVID-19-Lost Documents"
4,AK,D3504F18-AC99-408B-B1D2-230DC130F9EC,E5DF5CEB-649F-47B3-B665-1BEB3EA4AD42,"Emancipation and Delinquency"
5,AK,BF144F3C-5743-47C5-9EEB-418FF0FAF0D8,16E4350E-BC59-40B7-BF72-0BC225ECA4D1,Immigration
6,AK,BF144F3C-5743-47C5-9EEB-418FF0FAF0D8,0632C039-9688-4BF3-AD6D-3C566BCD5A67,"Civil/Constitutional Rights"
7,AK,A96DEADE-C287-4B31-BFF5-6C02E0640001,372E3CF8-3543-4C71-BA48-DA3F52FC5792,Family/Divorce/Custody
8,AK,A96DEADE-C287-4B31-BFF5-6C02E0640001,BB9683D7-FAE6-4E33-AF74-52E71373C8D7,Wills/Inheritance
9,AK,A96DEADE-C287-4B31-BFF5-6C02E0640001,F9754131-35D7-4091-A72D-9A85690D2373,COVID-19-Wills/Probate
10,AK,C2D41B1D-E4E7-44D1-B415-731C5FFA4E5D,4CDDA61F-136A-41D3-80D6-EA0662297CE5,"Worker's Comp"
11,AK,C2D41B1D-E4E7-44D1-B415-731C5FFA4E5D,C5B44371-5FEE-484D-9A03-370D6167EAE9,Work
12,AK,4CB7A73E-AAB0-4E8F-94D1-8AC8610AAC64,6B6B9BFF-347C-4B05-9188-524EC83E4378,"Debts & Purchases"
13,AK,4CB7A73E-AAB0-4E8F-94D1-8AC8610AAC64,23E00BA1-EBE5-4CCD-8C0B-3F4BD3A646FB,"Natural Disaster "
14,AK,4CB7A73E-AAB0-4E8F-94D1-8AC8610AAC64,6F851DA6-89BF-4079-AB16-5E6AF153BFE7,COVID-19-Consumer
15,AK,E31B199A-B01E-47E6-86DB-8D99B2BB7420,3DBF3B9F-9ED0-4028-A4FE-0823B0012634,Other
16,AK,E31B199A-B01E-47E6-86DB-8D99B2BB7420,BE23B47F-C795-4299-8359-A0D1DEA2E43D,COVID-19-Healthcare
17,AK,E31B199A-B01E-47E6-86DB-8D99B2BB7420,96D5BD44-6132-4D86-B592-46CAB240571E,COVID-19-Employment
18,AK,E31B199A-B01E-47E6-86DB-8D99B2BB7420,CB9F32D8-7E9B-4FBA-AEBD-A6C1A01A79DA,"Personal Injury"
19,AK,E31B199A-B01E-47E6-86DB-8D99B2BB7420,83313BAB-0D4E-4A6D-8628-A696F25D21AB,Expungement
20,AK,D8CE0720-607A-4FEC-A450-91C13E05A53A,25418233-38A2-49DA-81C4-0A93FEC0C201,Benefits
21,AK,F9E50F9D-8146-4D70-B415-A8807AB31245,8F20F838-5754-43C8-B9B9-9E51C394D83B,"Health Care"
22,AK,F9E50F9D-8146-4D70-B415-A8807AB31245,13C67759-48D3-4AC9-AE51-34F67539DE52,"Medicaid/Medicare/Affordable Care Act"
23,AK,0CA473F9-C2C2-43F6-BB7A-B5BEADBFC7C8,91F5BA19-2B5E-481A-AF32-E4BAD23F3DDE,"Special Education"
24,AK,0CA473F9-C2C2-43F6-BB7A-B5BEADBFC7C8,1E3D922C-8BD0-4747-A9AC-96E2E6936ADC,"School Discipline"
25,AL,98592224-876D-4A08-9FD4-05189A6431D1,897368A5-1326-4309-BC08-C67A9AA91477,"Housing or Property Owned"
26,AL,5AC22677-D3FD-4CD9-87C9-1B3647726668,9A8200DC-69F3-409A-9220-FAFE51BD876B,Work
27,AL,F9C50741-51B7-481F-8DF1-484B684370E1,F840163F-3E87-4061-8865-D1502288BD28,"School Discipline"
28,AL,F9C50741-51B7-481F-8DF1-484B684370E1,37F2DEEF-91C1-4BD3-8FD3-8138F5D4A8EE,"Special Education"
29,AL,455D9C50-531C-4509-BF3F-49CDC44C1193,E8720E83-315E-44FE-A983-44CED4EF2522,Benefits
30,AL,455D9C50-531C-4509-BF3F-49CDC44C1193,F49EF0DF-6A48-4E61-9EB2-B39DDD5D6508,"Worker's Comp"
31,AL,09E17E44-DD11-433D-80B2-5F78654B3C71,20E3377A-1E1A-4912-81FD-988EEC1C4BDF,"Civil/Constitutional Rights"
32,AL,09E17E44-DD11-433D-80B2-5F78654B3C71,3B159F55-982A-4FD6-987F-97BA4D584D4D,Immigration
33,AL,1D6F2866-B462-4705-9316-9CEDAB155D15,B45071FD-356F-49E9-9CAA-CDFC886DE80F,Expungement
34,AL,1D6F2866-B462-4705-9316-9CEDAB155D15,15DA077F-2A72-4548-95BB-9FCE6CAB3085,"Personal Injury"
35,AL,1D6F2866-B462-4705-9316-9CEDAB155D15,B61A031E-3FD7-42F2-B15E-AF341A6B51DF,Other
36,AL,02A23E8B-8D73-46D7-A1F8-B0D3A92ABD68,D62A5903-3271-4A6C-9F95-722436BFBAAE,"Adult Guardian/Conservatorship"
37,AL,02A23E8B-8D73-46D7-A1F8-B0D3A92ABD68,90EAE8EB-DEB3-420C-B97D-9C8FE8819E1F,Wills/Inheritance
38,AL,02A23E8B-8D73-46D7-A1F8-B0D3A92ABD68,ED170CA5-7104-4679-ABEF-A1F383F4D7D1,Family/Divorce/Custody
39,AL,08C7C59B-6AAE-4BC1-83FE-BC85F1544260,5E854A31-13B2-4E24-9780-B011509E6E18,"Debts & Purchases"
40,AL,08C7C59B-6AAE-4BC1-83FE-BC85F1544260,FE776D45-BF19-44E2-892C-95CA50D1FF6F,"Natural Disaster"
41,AL,1AF11435-A668-4365-B20C-C474D0813C16,6D9A722C-4A04-4D17-9F6B-2381BCB269E4,"Medicaid/Medicare/Affordable Care Act"
42,AL,1AF11435-A668-4365-B20C-C474D0813C16,F860E541-6218-403E-B937-BB76B0F9DE0D,"Health Care"
43,AL,FB2451D8-C163-4DBD-A4A7-F6402ADECE11,4E52ABA8-B4EF-4264-A820-AD1E53C46D3D,"Emancipation and Delinquency"
44,AR,4955AE98-C3CD-41B0-8575-02E9C3044DE1,2FE29F52-41EB-4FE7-8EB8-99C565D6F733,Wills/Inheritance
45,AR,4955AE98-C3CD-41B0-8575-02E9C3044DE1,E59D6CC0-58F0-4712-80F4-950C07505326,"Family Law or Divorce or Custody"
46,AR,3D2FE0E6-109A-421C-BDAA-07007E23F6B5,981C7405-3133-4526-8E4A-6D3EBD5449F6,Immigration
47,AR,3D2FE0E6-109A-421C-BDAA-07007E23F6B5,2E3248E3-A0BF-4263-B131-2449FC8DD24D,"Civil or Constitutional Rights"
48,AR,3D2FE0E6-109A-421C-BDAA-07007E23F6B5,6D6E729D-B7CC-4BA2-B483-68D1C8F5B17C,"Voting Rights and/or Elections"
49,AR,378C7E49-B747-49B4-B69A-451A6134F5DA,EE7FCEDA-5C66-46A0-B8EA-A6534EFFE323,Other
50,AR,378C7E49-B747-49B4-B69A-451A6134F5DA,8DD66A4D-3EB5-495C-8528-DF88A340F384,"Personal Injury"
51,AR,378C7E49-B747-49B4-B69A-451A6134F5DA,6508F9F2-CE1B-4CA7-94A6-917B3EB3B433,Expungement
52,AR,CE547DEC-8447-48C5-8D0E-7965E3AC9C04,50132D62-2C61-44CE-86A7-BE8461AEA6A5,"Work or Unemployment"
53,AR,5519EC30-80C7-4ABB-A83A-9E8660226F3E,EE599E9D-7318-4EED-975E-C20780382DA3,Education
54,AR,5519EC30-80C7-4ABB-A83A-9E8660226F3E,EBA200A8-8230-4BB4-A961-5EDAA2ED0577,"School Discipline"
55,AR,E6CD772B-CAE5-4135-9370-C24499FD5406,58AF0BE5-3C36-4D86-BB4E-C9D1EC4F12EC,"Worker's Comp"
56,AR,E6CD772B-CAE5-4135-9370-C24499FD5406,94765274-6E20-49CC-8026-7DC90EC0710C,Benefits
57,AR,28122664-3179-4FAE-A90F-CB2946942A27,050824C8-455B-4BAC-96F9-B566A53582A1,"Health Care"
58,AR,28122664-3179-4FAE-A90F-CB2946942A27,DA614BD5-4548-4C7D-B617-401B02856A51,"Medicaid/Medicare/Affordable Care Act"
59,AR,ABA0F6E8-032B-4C9F-9939-CE3BEE864D1F,8F4CD622-EAF6-45B7-AD50-E4F337F4B239,"Emancipation and Delinquency"
60,AR,3B0B58BB-95BF-4591-B84C-D304FA20E4A7,441AC5C4-C081-4BD1-BB57-A0A5D3739ACF,"Housing or Property Owned"
61,AR,FD5059F7-DE7A-4929-8D67-E72C80773BAD,33ADFC0C-AEB9-4AEB-9452-433610CC6AD2,"Debts & Purchases"
62,AR,FD5059F7-DE7A-4929-8D67-E72C80773BAD,68C651D4-D265-4717-8F1E-C7035B119A43,"Natural Disaster"
63,AZ,F16F6597-94E1-479C-8C06-2C95807E5412,E482A133-21FF-41B0-B6CD-E34B24B2E131,"Housing - Landlord/Tenant and Mortgages"
64,AZ,CD95B63C-0FA5-48D4-966F-4D5194495F72,38A26065-E253-42DA-A0B7-4ACD409350B4,Expungement
65,AZ,CD95B63C-0FA5-48D4-966F-4D5194495F72,1A4E0878-BA44-44FE-9261-3338A35CAC66,"Personal Injury"
66,AZ,CD95B63C-0FA5-48D4-966F-4D5194495F72,4FC68DAE-442C-4F4D-9A20-8A27B8F55B89,Other
67,AZ,50458A5B-9ACA-4532-A36F-64B73B659214,7C5F924E-A693-4103-8A67-47057E810831,"School Discipline"
68,AZ,50458A5B-9ACA-4532-A36F-64B73B659214,286E8F5C-D7BE-45A9-B170-0BEE5AC1C81E,"Special Education"
69,AZ,AFEE6480-4111-49B7-86A0-8575D3AC07F5,8B6168E8-3F08-4E78-A07E-5077485BB6F3,"Emancipation and Delinquency"
70,AZ,3E2033B8-9364-4251-8D16-8D8F5CCD5F6C,3269040E-BADA-4072-8647-F570E8597A0B,"Medicaid/Medicare/Affordable Care Act"
71,AZ,3E2033B8-9364-4251-8D16-8D8F5CCD5F6C,C0960B9D-A61C-4F8D-BAD6-BCE27656604C,"Health Care"
72,AZ,D97CAE2D-5AC5-4792-837E-9390C8172CD8,E4F7EAAE-8913-4595-B383-89B501A51FD1,"Discrimination and Civil Rights"
73,AZ,D97CAE2D-5AC5-4792-837E-9390C8172CD8,46386A5F-8D27-497F-8852-76FE5FA0CC22,Immigration
74,AZ,8EC64425-DFF1-4CD0-8E6E-D2B6C007D57E,9E266CE6-756B-4D9D-BB7D-EA582AA24BBB,"Public Benefits"
75,AZ,8EC64425-DFF1-4CD0-8E6E-D2B6C007D57E,F1B95C26-C5B8-4FBA-9ED7-BC7A6BCA78BB,"Worker's Compensation"
76,AZ,D90F1BC7-CD04-409A-9AF7-D4DAB649425A,799CFB69-C9EE-47EB-9A18-FFCC3F685C55,"Finances and Debt"
77,AZ,D90F1BC7-CD04-409A-9AF7-D4DAB649425A,E30BC938-0C3D-4D95-BCA8-C983216E70A0,"Natural Disaster"
78,AZ,23F7D13F-7318-4331-9868-DC0B5ED176A4,637F984C-2B4A-46CD-9309-023E1B7DD91D,Family/Divorce/Custody
79,AZ,23F7D13F-7318-4331-9868-DC0B5ED176A4,306BC1AA-8E48-40FC-B327-7D46122C7C46,"Estates and Wills"
80,AZ,7EED6701-A73D-4144-8B72-FE4204A1A9B4,84D9AF49-6EDC-4695-904E-325B57E9CFE0,"Employment and Unemployment Issues"
81,CA,69BAC219-3473-434A-AD14-1D162A8A8597,C50368A5-5370-441F-A36B-B143F5CE5CF4,"Wildfire or COVID-19: Housing or Landlord/Tenant"
82,CA,DFAE3127-9ADA-412A-A622-233A5B846B45,9D1F2496-725D-44D3-B97C-3C44037B667A,Immigration
83,CA,DFAE3127-9ADA-412A-A622-233A5B846B45,C16B8969-D135-4968-BB46-FFE3F245993C,"Civil/Constitutional Rights"
84,CA,6A7B0DC0-4FC8-4090-B382-2747E6EF995B,791D4EB9-C9D0-4F9C-9586-16736807CF04,"Medicaid/Medicare/Affordable Care Act"
85,CA,6A7B0DC0-4FC8-4090-B382-2747E6EF995B,E626BF0E-FCDB-44DD-A129-E0DCF590C519,"Wildfire or COVID-19: Health Care"
86,CA,5E7C3887-75E9-4BF3-BBBE-38B89E7DF4C7,AC92EC91-3BC5-4994-BCE8-80FCC3162090,"Wildfire or COVID-19: Benefits"
87,CA,5E7C3887-75E9-4BF3-BBBE-38B89E7DF4C7,147CACEF-FC8A-4250-A9F8-1A5949D35C64,"Wildfire or COVID-19: Worker's Comp"
88,CA,A088239E-FC9C-48BA-92E7-3FABADC5668F,A59A694B-91A9-4F19-857E-8DB1FD3ED133,"Wildfire or COVID-19: Employment Law"
89,CA,E2A862D7-951B-4884-86C9-4142B74FB990,FC21799E-023B-4FD0-8080-D26786C0654F,"Emancipation and Delinquency"
90,CA,68D3AF1C-15F5-4B9E-ABB8-8417E8556A33,4FBB0968-A0AB-46DE-A7BC-121E401EAC27,"Special Education"
91,CA,68D3AF1C-15F5-4B9E-ABB8-8417E8556A33,20E223D4-0205-49E8-840D-A61975CB8151,"School Discipline"
92,CA,FD678F86-62B1-4EC4-A628-98AEE7BC74D5,C8CA4A77-23D2-4625-B169-F8CD24F9C29D,"Wildfire or COVID-19: Natural Disaster"
93,CA,FD678F86-62B1-4EC4-A628-98AEE7BC74D5,5815798C-CC8D-4431-BBD4-B2EC899321B8,"Wildfire or COVID-19: Debts & Purchases"
94,CA,588EFBC5-00FE-4415-B0F0-98B5A86C071B,C699C6A8-B88F-4AA7-AD46-1BF5B1D1B77D,"Wildfire or COVID-19: Personal Injury"
95,CA,588EFBC5-00FE-4415-B0F0-98B5A86C071B,D25A7229-68C8-4CE7-A41D-E8066C733C0F,Expungement
96,CA,588EFBC5-00FE-4415-B0F0-98B5A86C071B,8F18888E-957D-46C5-9814-A8F030D7DC6B,"Wildfire or COVID-19: Other related issue"
97,CA,2A36D371-ADBB-494A-B3DE-9A544DDACCE7,A32FF18D-CF39-4F3C-AF4C-FD1B3E8851F1,"Wildfire or COVID-19:Family Law"
98,CA,2A36D371-ADBB-494A-B3DE-9A544DDACCE7,549FB6EE-434C-4760-AC0A-58D803AD895C,Wills/Inheritance
99,CT,EF1DADC5-831E-4DC1-BD7C-0F652EBF90DB,C15FFA0B-B9DE-486F-911A-28A2A9D9926F,Work/Unemployment
100,CT,1A811DAD-13DD-4E6E-936F-379B075BDBA6,0FBED25C-F9B6-47E8-9C66-26DEE2D3A73B,Family/Divorce/Custody
101,CT,1A811DAD-13DD-4E6E-936F-379B075BDBA6,02C74649-C412-4461-8C93-6660FDDA5062,Wills/Inheritance
102,CT,349290B1-68DD-427C-8E62-4AB43ABDF88B,C7AE17B4-D059-476B-9455-ED4C97486009,Consumer/Debts/Purchases
103,CT,349290B1-68DD-427C-8E62-4AB43ABDF88B,A05294BE-1E7D-4C79-A407-079C0AD51C92,"Natural Disaster"
104,CT,8E37B52A-319C-484A-B8E3-4EBC59A0EF21,9D5389A7-092D-4D99-9263-3BFBB54B8C17,"Civil/Constitutional Rights"
105,CT,8E37B52A-319C-484A-B8E3-4EBC59A0EF21,72CFDF14-8605-4570-8714-C79984F357E8,Immigration
106,CT,EE081096-2C46-4EA3-B7B1-7388963334E4,8CA98437-E7D6-4E22-8D4E-01B3602B3F9C,Expungement
107,CT,EE081096-2C46-4EA3-B7B1-7388963334E4,C5D538EE-E411-4BE9-9E0A-558DCA84F1C2,"Personal Injury"
108,CT,EE081096-2C46-4EA3-B7B1-7388963334E4,F07DDD0A-AFF2-4E48-A537-045386557CAD,Other
109,CT,EE081096-2C46-4EA3-B7B1-7388963334E4,110B2BC5-5B0B-4EBD-A689-B55DA5A36363,Criminal
110,CT,920D7CDE-4BA3-428B-9E19-B83E35738797,97261464-7622-4B4E-A1C6-D329E8B833B5,"Worker's Comp"
111,CT,920D7CDE-4BA3-428B-9E19-B83E35738797,CE68A527-F6A7-4F4D-819C-7517D791058D,Benefits
112,CT,14814437-6127-43B6-8561-DE2D01EDD35A,91AA81A5-8AE7-4260-93F8-762BA40EEA1E,"Housing/Tenant's Rights/Landlord Issues"
113,CT,6C706470-C30F-42CF-904D-E0ECEE7696BD,487B88F0-F4E7-4AAD-B180-DB2FD2BDBE91,"Health Care"
114,CT,6C706470-C30F-42CF-904D-E0ECEE7696BD,5E29E1CF-3E5D-41E3-8ADA-0421335D2928,"Medicaid/Medicare/Affordable Care Act"
115,CT,ABF085FF-1BDE-4111-8D3D-E82274AF374A,B079F17A-CCFA-4BFA-89F9-424DE68845FA,"Emancipation and Delinquency"
116,CT,1EDEFB01-490F-4392-B790-E9C2C9242B1C,3A7D2E9E-31B2-4A94-8A03-5BA6F6179762,"School Discipline"
117,CT,1EDEFB01-490F-4392-B790-E9C2C9242B1C,CBC9938D-968B-4B86-9974-0D71F3F2FFD5,"Special Education"
118,FL,26FCB459-FFE6-4EA6-83C0-1BA95B2817F7,30068D57-5CC2-407A-94F8-020B2C0F56AF,"Medicaid/Medicare/Affordable Care Act"
119,FL,26FCB459-FFE6-4EA6-83C0-1BA95B2817F7,3256AF9E-A443-41CD-B68A-F5BA9ECAB940,"Health Care and Disability"
120,FL,54C694DD-F7C2-45D3-B82C-34FFB3085716,B4084233-0A73-495B-AF11-50F2D4A7433C,"Hurricane "
121,FL,54C694DD-F7C2-45D3-B82C-34FFB3085716,DFDD50D1-C006-4E07-8740-2C4B55211A2F,"Personal Injury"
122,FL,54C694DD-F7C2-45D3-B82C-34FFB3085716,56C2D191-DAE7-4ECE-9346-68381D45CD5E,Expungement
123,FL,54C694DD-F7C2-45D3-B82C-34FFB3085716,A08B92E0-884C-4CE6-ABF2-571086D940BF,Other
124,FL,54C694DD-F7C2-45D3-B82C-34FFB3085716,B13DEA3C-DF64-42FE-98D8-3AE8BD299960,Appellate
125,FL,54C694DD-F7C2-45D3-B82C-34FFB3085716,3766BD7F-9B36-4724-9134-A42414B37A98,"Contract Dispute"
126,FL,8EF73BFF-2503-4557-B852-3B32A21B32B0,D3AAE19C-D881-43C8-9BA9-863AD5DD66BB,Benefits
127,FL,8EF73BFF-2503-4557-B852-3B32A21B32B0,907DEB08-EFC0-4C19-8FAB-9823477A946F,"Worker's Comp"
128,FL,27D44F0E-4D4C-41F2-81BE-4C19AE711CC1,D4762259-24FD-4AF6-85DD-A6728F7D7AD6,"Debts & Purchases"
129,FL,27D44F0E-4D4C-41F2-81BE-4C19AE711CC1,7CE3C57D-84DA-4412-92D7-DB7E0833E11C,Tax
130,FL,D6462F5B-6003-4ED3-9D74-6D047ACEC95C,2E3B20BB-C32E-440E-873F-AEAA6FAD3103,Immigration
131,FL,D6462F5B-6003-4ED3-9D74-6D047ACEC95C,CF4D1425-B6AB-4275-B5A2-35358151DE2B,"Civil/Constitutional Rights"
132,FL,34C461E8-2E6C-4FAC-AFA6-75FC1BEC83C9,776F1E6C-37A0-42EA-82DF-990B37375F82,Work/Employment/Unemployment
133,FL,247B93B7-9B87-47CF-8B28-D39A2B9C8617,DC56B730-CD71-43EE-AE0C-651BEE7B31AF,"Special Education"
134,FL,247B93B7-9B87-47CF-8B28-D39A2B9C8617,035FC368-FC5F-4D58-AB01-825DC39BC459,"School Discipline"
135,FL,04F9F18F-45B6-40A9-A092-DF25C636F472,86FD89F6-135F-44E0-8809-54039BF8C31A,Family/Divorce/Custody
136,FL,04F9F18F-45B6-40A9-A092-DF25C636F472,2007EFBA-473B-4406-8458-099CA564AA04,Wills/Inheritance/Probate/Trust
137,FL,04F9F18F-45B6-40A9-A092-DF25C636F472,CAAFE555-69ED-4792-8FF7-6E1A96EBCBD1,Guardianship
138,FL,6F5297CE-BD88-4321-B639-E8C9A4A80505,093C398F-90A9-4B08-8565-8A5044FFE1D8,"Housing/Landlord Tenant/Eviction/Foreclosure or Property Owned"
139,FL,7E666057-358C-4176-AC35-F4D40F9FB075,79A6C928-D3B3-4EDD-B7C0-FDA535DD42F1,"Emancipation and Delinquency"
140,GA,F3964DD2-ECC2-440D-9800-2A294C5B6216,55E75251-2018-4D06-8EFA-ACCE5D67BFDC,"Health Care"
141,GA,F3964DD2-ECC2-440D-9800-2A294C5B6216,C3E8E265-DA60-4F13-852C-0FEBD6F68AA0,"Medicaid/Medicare/Affordable Care Act"
142,GA,277EA84D-502F-4DD8-85DE-2A591EC12CD3,4E9D1DC4-9031-4EA5-B206-240F879842A7,"Housing or Property Owned"
143,GA,277EA84D-502F-4DD8-85DE-2A591EC12CD3,69F28994-E2A2-4F11-A922-DBF851782C01,"Hurricane - Housing"
144,GA,277EA84D-502F-4DD8-85DE-2A591EC12CD3,84D8D36A-42A5-4A4A-9DAA-099BE8BAAC17,"Hurricane - Tenant and Rental"
145,GA,07E017AC-762B-43E9-9B8F-3D308CBC6352,F5F2BF4A-8108-4CAF-922D-8DE11EC39846,"School Discipline"
146,GA,07E017AC-762B-43E9-9B8F-3D308CBC6352,43B56ED8-C2C7-4263-AE5A-3A6D52F78371,"Special Education"
147,GA,D15ACC4B-910D-4B26-BA2D-40880D42BD0D,A1250952-A231-4EB2-8489-C777D457FC39,Expungement
148,GA,D15ACC4B-910D-4B26-BA2D-40880D42BD0D,0DC4961F-CA62-4A2F-824D-36D429D64BAE,"Personal Injury"
149,GA,D15ACC4B-910D-4B26-BA2D-40880D42BD0D,E966BD76-8DC1-4292-83EA-BA28BF010927,"Disaster Legal Help"
150,GA,D15ACC4B-910D-4B26-BA2D-40880D42BD0D,0FFA92AF-7F46-4B69-B253-7949A33B0AD9,Other
151,GA,D15ACC4B-910D-4B26-BA2D-40880D42BD0D,968D3A3D-106F-4300-8CA2-0A4BCC142D2A,"Hurricane - Other"
152,GA,D15ACC4B-910D-4B26-BA2D-40880D42BD0D,47179E0D-D7EA-4ED5-B687-662092F53113,"Hurricane - ID Replacement, Lost Documents"
153,GA,04815A46-12EC-4C42-B9FB-56BF584F1489,96FDC5F0-8D0B-458B-AFCA-523661F662D8,"Hurricane - Consumer, Contracts and Insurance"
154,GA,04815A46-12EC-4C42-B9FB-56BF584F1489,D52E0331-4A93-46DF-9386-822CDBAB79E5,"Natural Disaster"
155,GA,04815A46-12EC-4C42-B9FB-56BF584F1489,7CFC3A18-DF3C-415B-B2EF-1494631C59DE,"Debts & Purchases"
156,GA,60D63700-CA2D-49F5-9C9A-57CE712ED97A,8FA7405E-A173-41FF-9479-A96C2E46F2D8,"Civil/Constitutional Rights"
157,GA,60D63700-CA2D-49F5-9C9A-57CE712ED97A,BD6A2521-5FA3-48CE-A64F-079DC10DF0E3,Immigration
158,GA,D20F102F-C50C-4697-BD4E-817C5BA3BFEB,94F32367-FD22-4932-ADCA-EB7DCEAE6233,Benefits
159,GA,D20F102F-C50C-4697-BD4E-817C5BA3BFEB,90DC7F36-72E9-4484-A6BB-DDD6F91ACE0E,"Worker's Comp"
160,GA,D20F102F-C50C-4697-BD4E-817C5BA3BFEB,6A37FAF9-869B-40A2-A118-F15E38783EB1,"Hurricane - SNAP (Food Stamps), Unemployment Insurance"
161,GA,241FBFF7-59C9-480E-94E4-8404FE1F810A,03D309BD-7B77-4625-971C-4A3CA4197F90,"Hurricane - Wills/Probate"
162,GA,241FBFF7-59C9-480E-94E4-8404FE1F810A,B041E442-80DC-45F5-B250-4AC0E75688A8,Wills/Inheritance
163,GA,241FBFF7-59C9-480E-94E4-8404FE1F810A,56CA5C8F-D6D7-4BDA-8EDF-0B8E367A254B,Family/Divorce/Custody
164,GA,F478E588-A968-412F-9654-98A680154389,89A54510-1E8D-4045-A0D6-24AC9B2F8BA0,Work
165,GA,E11DD88F-566A-46E5-8A48-B845FF7C27BD,BCF3D8E6-642A-4136-8F3F-AD23B5B3BA8D,"Emancipation and Delinquency"
166,HI,D58140CA-C4F6-441E-B537-0C119CF6F0E0,C1409E4C-6C0B-416C-8893-2FA59A4422C2,Immigration
167,HI,D58140CA-C4F6-441E-B537-0C119CF6F0E0,49A66592-8AD0-428C-8AB4-349AA65BA271,"Civil/Constitutional Rights"
168,HI,4CE8B433-28B2-4A0A-A038-3ED9C6D6F68F,95B82CD9-F0BF-4476-B130-8CB8AEE03EAE,"Medicaid/Medicare/Affordable Care Act"
169,HI,4CE8B433-28B2-4A0A-A038-3ED9C6D6F68F,7087B720-6FE4-4035-9BA1-37DAD372D15B,NULL
170,HI,5D634295-7FFF-4BE8-9FD1-40462AE51BF6,E31681AC-8B01-40B0-9431-D8F2681C4377,"Debt Collections"
171,HI,5D634295-7FFF-4BE8-9FD1-40462AE51BF6,A13106D8-1E39-4FB2-995D-F617C91B7FEA,Bankruptcy
172,HI,5D634295-7FFF-4BE8-9FD1-40462AE51BF6,DB69A1A6-259A-458B-9A5E-6CCAC59BB91F,"Small Claims ($5000 and under USD)"
173,HI,078EFD16-B7DA-4A80-9445-47D15781EE2E,2156D1BE-EF80-4D50-932C-5B35C5927FF0,"Private Landlord Tenant "
174,HI,A526B8FB-3831-40DB-A0AD-6A9F4F6E0921,4CFB4154-61CF-413D-BCFB-56D778AC5721,"Emancipation and Delinquency"
175,HI,D4EFB0E8-6265-4848-AED0-6E6C7EB35B0F,C4C76F0D-C4AD-48C0-938B-7DBCA459C883,Work
176,HI,7BD2CED8-C0E3-4C61-A75D-7A2EF0C3E21F,6EDAE263-4282-4809-8013-B7E1F9B7EE03,Family/Divorce/Custody/Paternity
177,HI,7BD2CED8-C0E3-4C61-A75D-7A2EF0C3E21F,C0DD67BD-3330-436A-B76C-828EAB9F81D2,"Wills & Estate Planning "
178,HI,22994B78-2185-4F35-A960-A4415F7901EF,4943252F-9080-45CD-88CC-6F1840BE3C89,"Personal Injury"
179,HI,22994B78-2185-4F35-A960-A4415F7901EF,068A423A-F20C-4722-A674-5FA7536533E2,Expungement
180,HI,22994B78-2185-4F35-A960-A4415F7901EF,EB96D4D2-CBA8-43D0-93EE-114FC25D0C97,Other
181,HI,22994B78-2185-4F35-A960-A4415F7901EF,71660B2B-5D83-4816-BB0F-FE09A2AD430E,"Disaster Relief"
182,HI,DB781EEB-C93E-409A-9960-DB3C4391EF05,9CB919A9-39D2-4807-B241-BC99873045E2,"Special Education"
183,HI,DB781EEB-C93E-409A-9960-DB3C4391EF05,63CB5198-F08E-43C8-8A76-826736FDECAF,"School Discipline"
184,HI,4ACC4BF8-78F7-47E8-ADBF-ED86C940170F,562750E4-D92E-4662-AF61-5FADF7997033,"Worker's Comp"
185,HI,4ACC4BF8-78F7-47E8-ADBF-ED86C940170F,AED4CB97-17D1-4B1D-BA9E-719DEC77DB00,"VA Benefits"
186,IA,C6966DDD-BE03-4DAB-9FFD-1B4E619C025A,5B96B231-3936-4D6E-A88B-8FADEFDA3B4B,"Health Care"
187,IA,C6966DDD-BE03-4DAB-9FFD-1B4E619C025A,CBFF7297-BF54-47B1-B16E-6348B96EA90E,"Medicaid/Medicare/Affordable Care Act"
188,IA,5A111EE2-81F3-4C5A-815F-309D094BD515,FCA49A9D-246C-402C-BC8B-3BD9CFC7496F,"Emancipation and Delinquency"
189,IA,C11C033E-212B-43BF-B548-3C09109E3B69,511A51A0-80B4-4DA0-893B-7F509A5D3C76,"School Discipline"
190,IA,C11C033E-212B-43BF-B548-3C09109E3B69,6596A0E0-7993-46DE-BF7F-11CF41099619,"Special Education"
191,IA,C8ADAAD5-16B1-48BA-BC98-64B215A97059,144A416F-3B7E-413C-BAA7-DCC116D793A2,Expungement
192,IA,C8ADAAD5-16B1-48BA-BC98-64B215A97059,B9D1F480-FFB4-49BB-A6BF-F8706AA622E8,"Personal Injury"
193,IA,C8ADAAD5-16B1-48BA-BC98-64B215A97059,15168694-A586-453B-AF2A-8D0490F87BD5,Other
194,IA,288A8E14-C004-4627-B27E-6FB45C51577B,0C7764A8-99DB-4EEC-88B1-2D82A3719068,"Civil/Constitutional Rights"
195,IA,288A8E14-C004-4627-B27E-6FB45C51577B,7D21EB28-40DF-453A-8AB7-16005C7E84DE,Immigration
196,IA,166F3CD8-C17B-4F1D-AF41-8B9907C4376F,14827AC4-7868-4A97-98DD-AF824E23E003,Wills/Inheritance
197,IA,166F3CD8-C17B-4F1D-AF41-8B9907C4376F,73F28A1C-8C92-4642-AAC8-B1B67C2A5EC3,Family/Divorce/Custody
198,IA,F51A7BB4-6E6B-450B-AC12-A8158A96D126,067A80F2-3A6F-4224-AB6C-52AC776B1D13,Work
199,IA,B47F2A9F-6D94-455A-BB17-D92224A2C0A1,CD7CC726-0860-44C7-A0D9-D70C52C12B46,"Debts & Purchases"
200,IA,B47F2A9F-6D94-455A-BB17-D92224A2C0A1,6BF2E63B-9E7A-43A7-9B38-BB7D791A5778,"Natural Disaster"
201,IA,54D32A1C-473C-481B-A79E-E50EAD78922D,818027C4-9789-43E9-8AC1-A56B15E616D1,"Housing or Property Owned"
202,IA,2DA8EBF9-09A6-4174-88E7-F49B1D4F2E05,C2582BE3-10F3-4C53-A8F9-4F53BC37B864,"Worker's Comp"
203,IA,2DA8EBF9-09A6-4174-88E7-F49B1D4F2E05,B60C5991-65B1-4617-9A3D-DEB6652BAC32,Benefits
204,ID,7A51BC19-7F4C-4277-B2BB-250F3E8897A9,25AD7E17-E808-4514-BB4E-1D7D4CBA7139,"Special Education"
205,ID,7A51BC19-7F4C-4277-B2BB-250F3E8897A9,BFACC506-108B-46CA-BCD1-E142E3E03F90,"School Discipline"
206,ID,A1FB3C8A-2622-43BC-8A23-25FFA06B0E60,87759419-C7B7-4465-80C6-D9AD039D0DED,"Personal Injury"
207,ID,A1FB3C8A-2622-43BC-8A23-25FFA06B0E60,77E24B59-24B8-4AD9-A73A-1B603F1F68F5,Expungement
208,ID,A1FB3C8A-2622-43BC-8A23-25FFA06B0E60,D72E18A3-2240-4D8A-AD5F-0B4141731FAA,Other
209,ID,A9AAD552-FC56-441E-9D93-29351A997FFC,E0DCADC3-B32B-4F16-8D20-FF0C8FDEC4F5,Immigration
210,ID,A9AAD552-FC56-441E-9D93-29351A997FFC,93E1EB4E-3A52-4F23-BCB2-6282003C11FE,"Civil/Constitutional Rights"
211,ID,39560532-CCE4-4D7A-8F04-521116B99F04,3534CC63-DD2C-4D68-AC8B-D3043650F181,Work
212,ID,FF6C6FC3-3BDC-4C69-AF48-5C8B93797A4D,9BF16876-796E-469D-B5C9-F1830890CEB9,"Housing or Property Owned"
213,ID,660C05DC-A74E-453C-A061-645E19FDDBAB,201F4CA2-81FC-4D42-BCD7-9ECE85387A7C,"Emancipation and Delinquency"
214,ID,94A33EB1-6D59-4CCB-A1FC-C2817E251E40,9B36A465-4440-4DDC-90B4-B454B5FF2B11,"Health Care"
215,ID,94A33EB1-6D59-4CCB-A1FC-C2817E251E40,21B49CDA-12AE-49B5-AEE9-4A10EEE40A1F,"Medicaid/Medicare/Affordable Care Act"
216,ID,0F614A41-CB06-4406-BE40-C5C507A7CD2B,52A579E6-87A4-41CB-8C19-FA6B299973AB,Wills/Inheritance
217,ID,0F614A41-CB06-4406-BE40-C5C507A7CD2B,6DBD5177-5F3F-4011-BF59-0D4D587B87FC,Family/Divorce/Custody
218,ID,683A246C-F4FD-438F-9866-ED04F50C2B4D,5E672693-9178-4F01-8E2B-7181D8A396FE,"Debts & Purchases"
219,ID,683A246C-F4FD-438F-9866-ED04F50C2B4D,AE8CDA67-2D5E-4D46-9DB5-4A52623C3D84,"Natural Disaster"
220,ID,03C6ADAE-0939-4BB9-B1C3-EF64DE4189AC,FEBED7A4-3ECC-4ED5-84EF-071F472DA1E0,"Worker's Comp"
221,ID,03C6ADAE-0939-4BB9-B1C3-EF64DE4189AC,29FF6872-A23A-4D0F-8818-0373AAE4FEC1,Benefits
222,IL,807C0F6B-B8AC-4825-9016-304433EEE779,04D1FE98-136E-4A05-BDD3-EF85B5B16AA9,Health/Healthcare/Disability
223,IL,3B625200-038E-49FE-B321-35D67A897CB3,68720A50-E587-45D6-977D-874230D4D60E,"Money/Debt/Consumer Protection"
224,IL,3B625200-038E-49FE-B321-35D67A897CB3,1F2270B6-BF11-46CF-9170-BB1E203694AD,"Consumer Protection"
225,IL,6A8CB649-C081-437C-8E4D-360AF413F5C5,B7475EA1-A370-4E8C-A6D4-9D7640989C73,"School Discipline"
226,IL,6A8CB649-C081-437C-8E4D-360AF413F5C5,36020E2D-AC1D-412A-A3A8-737666C2D793,"Education/School Discipline/Special Education"
227,IL,67ADFB90-81AB-482A-AF98-5383D1371778,7CF5802E-2344-42A7-AC04-7A3F433037BD,Juvenile
228,IL,9863D8E8-11C5-44F6-AD03-5A95964FEFFC,D5494C32-4A74-43C0-970F-AD2685DDA6A4,"Public Benefits"
229,IL,9863D8E8-11C5-44F6-AD03-5A95964FEFFC,79894268-FF52-4298-8D24-9AAF6821DE4D,"Worker's Comp"
230,IL,82322A85-875C-4731-871B-6F78A1B08342,27377C5B-84A3-44EF-991C-D52721B09D4C,Expungement/Sealing
231,IL,82322A85-875C-4731-871B-6F78A1B08342,8D615FF2-2EBB-44B8-91B7-366E39BEC843,"Small Claims/Personal Injury"
232,IL,82322A85-875C-4731-871B-6F78A1B08342,8ADEDF43-A9C3-4C66-B8FC-4F4FCEE51F68,Other
233,IL,82322A85-875C-4731-871B-6F78A1B08342,CF725530-6466-4857-A79D-4D5512956098,"Civil Appeals"
234,IL,9D6B9BA4-47FE-4FEA-ABD7-7E041C0C4014,810705B7-7AF0-4DA8-9C15-D7C8D5246F4E,"Civil/Constitutional Rights & Discrimination"
235,IL,9D6B9BA4-47FE-4FEA-ABD7-7E041C0C4014,E358AAE5-E9D7-46EB-A7B2-E3405A38F9FD,Immigration
236,IL,35F8A400-7E66-4F6E-A692-99DF0502067A,EF81AD92-3BAD-4760-B2AB-41C14E41FAF5,"Adult/Minor Guardianship"
237,IL,35F8A400-7E66-4F6E-A692-99DF0502067A,F83A7C75-F7DE-4917-A5CE-B6C973427F3E,"Wills/Inheritance/Powers of Attorney"
238,IL,35F8A400-7E66-4F6E-A692-99DF0502067A,6C14D83C-7C5A-4A53-965B-CFA6822F4952,Family/Safety/Divorce/Custody
239,IL,E6DDC85E-2085-4CD2-A147-C78C7FC4BABF,BFA0A0CC-ABB6-4236-B99D-F639A83CE93B,Work/Employment/Unemployment
240,IL,39D53025-789C-4747-AAE5-C9A4C94B4495,B259A4FA-133C-4DA9-B3C8-3DD672F58497,Housing/Renting/Homelessness
241,IN,4A17A421-3E82-4896-9EDC-133B4AE006F0,678C4D4A-FC2E-4722-8DE7-46096F132A6F,"Custody & Visitation issues"
242,IN,4A17A421-3E82-4896-9EDC-133B4AE006F0,CA62B89A-0F0F-4384-BE99-62669A8734E5,"Divorce, Separation, Annulment Cases"
243,IN,4A17A421-3E82-4896-9EDC-133B4AE006F0,1DE22CA7-661A-4EBA-8F51-BB545A2888DA,"Guardianship, Adult"
244,IN,4A17A421-3E82-4896-9EDC-133B4AE006F0,BBE6200A-CB5E-47F3-BC04-FBDEDF741862,"Name Change"
245,IN,4A17A421-3E82-4896-9EDC-133B4AE006F0,0BBC4E88-E5D4-4FF7-AFBC-67D3853B70F3,"Domestic Abuse/Protection Orders"
246,IN,4A17A421-3E82-4896-9EDC-133B4AE006F0,2C4A92E4-B3C7-4CA5-93EC-9C3A04577FFC,Support
247,IN,4A17A421-3E82-4896-9EDC-133B4AE006F0,D64922BB-9B15-49EB-AAE2-5F21045B16CC,"Parental Rights Termination"
248,IN,4A17A421-3E82-4896-9EDC-133B4AE006F0,8233BBA2-B6B3-41A3-9804-B3462AD8A5CE,Paternity
249,IN,4A17A421-3E82-4896-9EDC-133B4AE006F0,39C6250B-1DA4-4A71-898C-A3BE38994855,"Family & Children Other"
250,IN,4A17A421-3E82-4896-9EDC-133B4AE006F0,E91352B7-9890-499C-A935-DDCBDA00155F,"Child Support"
251,IN,4A17A421-3E82-4896-9EDC-133B4AE006F0,EE36CCD2-52BB-42CA-872C-BF3518CED215,"Guardianship, Minor "
252,IN,4A17A421-3E82-4896-9EDC-133B4AE006F0,A759819D-5E46-4804-B4BF-AF29C4774811,Adoption
253,IN,09E768DD-114F-47B4-B038-1FE0937EF839,2A2828A3-3416-44AC-BEFA-00F9A2F0F105,"Insurance Claims "
254,IN,09E768DD-114F-47B4-B038-1FE0937EF839,2E38671C-9272-4E05-9D20-67FBE249DC32,"Public Utility Cases"
255,IN,09E768DD-114F-47B4-B038-1FE0937EF839,A5B6B6B7-42FA-45A5-8179-4BCE598D7FD2,"Bankruptcy or Debtor Relief Cases"
256,IN,09E768DD-114F-47B4-B038-1FE0937EF839,F9283671-73DE-4337-86B9-3A5C33BC40B9,"Collections Case"
257,IN,09E768DD-114F-47B4-B038-1FE0937EF839,8E0C1F1F-9153-46CD-B4BB-DFA9D412AC82,"Contract Disputes"
258,IN,A353FA07-3DAA-4B85-B020-2FB4EC42ADD2,A1766D92-F817-41DD-98BA-098F69D137EA,"Civil Rights Cases"
259,IN,A353FA07-3DAA-4B85-B020-2FB4EC42ADD2,48642784-5A2E-4796-AD5D-312C0D6985FB,"Immigration and Naturalization"
260,IN,D00E015A-B0F4-4D25-9FC4-3C38760B70F2,EC53F246-6F08-47F0-8E65-3EA3BF179243,"SSI SSDI"
261,IN,D00E015A-B0F4-4D25-9FC4-3C38760B70F2,F2BF312F-22CC-441E-AC09-4FCCE86A3CEE,"Veterans Benefits"
262,IN,D00E015A-B0F4-4D25-9FC4-3C38760B70F2,9FDD5B8D-C284-4B75-9FC6-7B0F7406D55C,"Food Stamps, Welfare and Township Poor Relief"
263,IN,72D53E4F-31EC-48FF-A466-4356725D5A6A,BEE6D932-D9DF-4DE6-A867-A68AD49AE52E,"Wills & Estates"
264,IN,72D53E4F-31EC-48FF-A466-4356725D5A6A,AEA54F9C-E568-4B87-A536-C3DF3F28560C,"Legal Assistance to Non-Profit Groups"
265,IN,72D53E4F-31EC-48FF-A466-4356725D5A6A,820CE5D8-E737-4BA7-80C3-679403FE2C9B,"No Legal Question Asked"
266,IN,72D53E4F-31EC-48FF-A466-4356725D5A6A,AA5AF9C2-11EA-48D1-89F8-EE33EC55D31E,Criminal
267,IN,72D53E4F-31EC-48FF-A466-4356725D5A6A,CD832B62-A945-4E15-91A9-51A7800B0612,"Drivers License"
268,IN,72D53E4F-31EC-48FF-A466-4356725D5A6A,AC436388-7FC0-4B13-A4F5-1713EE7B18DB,Miscellaneous
269,IN,72D53E4F-31EC-48FF-A466-4356725D5A6A,69FA5A1A-0BAD-4311-A6E0-1FA529952D3E,Expungement
270,IN,72D53E4F-31EC-48FF-A466-4356725D5A6A,68E98B67-2CCA-4501-850B-51FD469C8108,"Advanced Directives & Powers of Attorneys"
271,IN,AECD830D-DBD3-4082-B457-5BAE77155658,E8F7FD1C-EE73-49F3-845E-BA00AC4EBF39,Juvenile
272,IN,28D510F6-757F-477C-8819-5F22DF6653EC,0E9ECCAA-7379-470C-A74F-93FE8E266652,"Education Law Cases"
273,IN,117676E2-E643-4B0F-9DAF-717F29F9F170,21BC9C7E-6A8F-4995-8885-57641FBE71AE,"Disability and Mental Health Law"
274,IN,117676E2-E643-4B0F-9DAF-717F29F9F170,7B6301AC-0EB5-45FD-8DBB-45EE6069D333,"Medicare, Medicaid"
275,IN,117676E2-E643-4B0F-9DAF-717F29F9F170,0DDF2DB4-0AB0-48F5-861C-0D04AD0E7EF8,"Long Term Health Facilities"
276,IN,117676E2-E643-4B0F-9DAF-717F29F9F170,815710C8-085E-454D-9677-830846DE0EDC,"Private Health Insurance"
277,IN,06FBF37E-5202-431D-A0DA-7F5961CB58B0,F8F13678-8A95-4EA9-99D7-BE9463D26F5B,Foreclosure
278,IN,06FBF37E-5202-431D-A0DA-7F5961CB58B0,7CEE1E9C-912B-4A1B-9374-3A356B3C100B,"Housing - non-subsidized / not Sec 8"
279,IN,06FBF37E-5202-431D-A0DA-7F5961CB58B0,80EE4D21-7A30-462E-83C6-08B512E8E56A,"Housing Discrimination"
280,IN,06FBF37E-5202-431D-A0DA-7F5961CB58B0,A9352925-18BC-4A66-A1DA-93408029187D,"Housing - Eviction non-subsidized"
281,IN,06FBF37E-5202-431D-A0DA-7F5961CB58B0,F139316A-4CFA-48BB-95BD-CBB0793A9C45,"Mortgage Foreclosure Cases"
282,IN,06FBF37E-5202-431D-A0DA-7F5961CB58B0,0541D4F2-692B-499A-84BC-E5E291A31500,"Housing - subsidized"
283,IN,3B45A1AC-605E-4A45-82DE-87B54D7DA98C,A93B661B-615C-4405-B4E3-D1F9C3DFD7C2,"Employment Issues "
284,IN,3B45A1AC-605E-4A45-82DE-87B54D7DA98C,F41C3DA8-895B-4379-898B-E23778C904D2,"Wage and FLSA Cases"
285,IN,3B45A1AC-605E-4A45-82DE-87B54D7DA98C,42C92DF7-D521-43A8-A72C-1AD0E91A25CE,"Unemployment Compensation"
286,IN,3B45A1AC-605E-4A45-82DE-87B54D7DA98C,EB905FB2-AA53-496A-8781-C94E7581DE1F,"Taxes & Earned Income Tax Credit Cases"
287,IN,3B45A1AC-605E-4A45-82DE-87B54D7DA98C,C2BD4CB7-DACA-4787-9B53-DB53B318908B,"Employment Discrimination Cases"
288,KS,F27D7231-227B-4C47-BE80-0CE612B6680D,E90D2B55-671D-471C-AD90-351771FCD99C,Expungement
289,KS,F27D7231-227B-4C47-BE80-0CE612B6680D,EE790652-9AA4-4B21-B5D9-F888F64510B2,"Personal Injury"
290,KS,F27D7231-227B-4C47-BE80-0CE612B6680D,7394C118-1AFC-4094-8333-29C06D5A1A04,"Social Security Disability"
291,KS,F27D7231-227B-4C47-BE80-0CE612B6680D,983E5BEA-0A38-4D1D-A260-93EBC05BC2E4,"GENERAL CIVIL PROCEDURE"
292,KS,F27D7231-227B-4C47-BE80-0CE612B6680D,5D6DD31F-8700-45F7-A9CA-7F1E38B6BA86,Criminal
293,KS,F27D7231-227B-4C47-BE80-0CE612B6680D,A44D65C0-7B63-4D73-B38B-201D038882F8,Other
294,KS,2E46590F-D096-4825-A6BD-44A58A8A81E0,1A1B2F00-DB6D-4073-8CE9-FB5FCE6010B5,"Emancipation and Delinquency"
295,KS,387C6CCE-B1D3-4C92-994D-5B3A81063DDA,5CBA3E53-62D5-4B06-B15C-2B1A0D61C771,"Civil/Constitutional Rights"
296,KS,387C6CCE-B1D3-4C92-994D-5B3A81063DDA,3F06EB26-8F0F-426F-BBFE-1A2F6E31845C,Immigration
297,KS,A848581A-AD09-4F68-B06A-5E841BA2EC23,AFE32B85-4EBB-4308-8F9E-52BF06D799FD,Benefits
298,KS,A848581A-AD09-4F68-B06A-5E841BA2EC23,939056C0-3842-43B0-8504-5FA3C6A0FDB7,"Worker's Comp"
299,KS,D8CA47EC-8D6A-4327-9EFA-82141F88E255,8F228FAB-FF68-4DA7-9871-E4BF7FD6A7C7,Work
300,KS,4995FE59-6A0E-407E-A6C2-8D1BE52ED094,3959F79E-12C1-4F67-A588-32ADD6303335,Family/Divorce/Custody
301,KS,4995FE59-6A0E-407E-A6C2-8D1BE52ED094,290ED727-73FB-48A0-8B49-5A46911F8DE7,Wills/Inheritance
302,KS,9CFF5272-5BEE-4063-9814-BB21EFE0CCAB,E8476336-6759-4719-9077-D44EDEEC97C7,"Health Care"
303,KS,9CFF5272-5BEE-4063-9814-BB21EFE0CCAB,FA0EC2F6-BAC3-4B3A-8FE4-69714720E19F,"Medicaid/Medicare/Affordable Care Act"
304,KS,5090512A-624B-47D3-9646-EAB0184460FD,BD378F94-3B8D-484A-AFB8-135AE7AFB2F3,"Natural Disaster"
305,KS,5090512A-624B-47D3-9646-EAB0184460FD,8BA87F07-53CB-4E65-9E39-7D04E77EC03C,"Debts & Purchases"
306,KS,B197CD6E-4E5B-4DEE-90BA-F58D940CC8F4,FBA0D174-B13D-434D-92FC-1F1ED33B18F7,"School Discipline"
307,KS,B197CD6E-4E5B-4DEE-90BA-F58D940CC8F4,493B1BED-04B9-4F42-BD98-A4BFB9E0FE01,"Special Education"
308,KS,21EC2808-9253-43E6-821B-FD55A255AC04,40185CCB-2D75-4A3B-95CD-003408BFE4C5,"Housing or Property Owned"
309,LA,4F89C1C3-424D-495F-9DAA-2AE2E7462EC2,3A51A8CA-B879-4597-829E-558017CB9D27,"Special Education"
310,LA,4F89C1C3-424D-495F-9DAA-2AE2E7462EC2,7881DD86-42DE-4D1D-99E4-5E831D0FAF61,"School Discipline"
311,LA,E09F6DF7-C4C4-4DB3-AB80-39131EB6B652,0CA6F17D-A6E6-46CC-B743-F9CD0E4A847E,"Natural Disaster"
312,LA,E09F6DF7-C4C4-4DB3-AB80-39131EB6B652,25A9553D-396C-461B-B5BC-51A33FC44E04,"Debts & Purchases"
313,LA,E09F6DF7-C4C4-4DB3-AB80-39131EB6B652,2D2A482F-D20E-4C98-A22E-3B2F6E67CB53,"Hurricane Ida - Insurance "
314,LA,E09F6DF7-C4C4-4DB3-AB80-39131EB6B652,0206E883-A59D-4023-AACF-C4C3FC3BF444,"Hurricane Ida - Debts & Purchases"
315,LA,256BB670-371C-4B10-882F-4E3D4665D7F6,5FDFD524-1779-4673-9D4B-87043818FDC6,"Hurricane Ida - Public Benefits"
316,LA,256BB670-371C-4B10-882F-4E3D4665D7F6,F7AA6D4C-1756-417D-9A82-9CE783D39DD9,Benefits
317,LA,256BB670-371C-4B10-882F-4E3D4665D7F6,D0F847F9-9B00-4CAF-B9B0-6857CAB4F951,"Worker's Comp"
318,LA,82640F87-AA70-426F-A28D-56E2FB360FDB,CC6E7DF1-E821-4A6D-8630-86703006ECF7,Wills/Inheritance
319,LA,82640F87-AA70-426F-A28D-56E2FB360FDB,488FD95A-23A5-4313-ACBD-0A300F46608B,Family/Divorce/Custody
320,LA,82640F87-AA70-426F-A28D-56E2FB360FDB,341F76BF-E3FE-4C35-ACA9-FB67450B448F,"Hurricane Ida - Family/Divorce/Custody"
321,LA,C275F992-43F3-4DEE-9CF8-6580F8BD5535,121BAD65-4E8B-4C87-9EC0-4A5486E12676,"Emancipation and Delinquency"
322,LA,6AD6B76D-5089-4B9C-943E-86E45FE42A51,B75D4D6B-2ACC-4929-94B2-1B92AC8E63A4,Work
323,LA,2C253E49-B2B8-4358-ABBE-8910E7D16056,62A0D68F-A4D2-47E2-92A1-25192DC22365,"Health Care"
324,LA,2C253E49-B2B8-4358-ABBE-8910E7D16056,1F28A0E3-729D-46DA-98EF-F9A5F313AEE7,"Medicaid/Medicare/Affordable Care Act"
325,LA,237BC12B-8F50-4EC9-81C9-BBDB6F7CDC9C,5259248C-AD48-4C36-B6AA-8AE6B5E8B13A,"Personal Injury"
326,LA,237BC12B-8F50-4EC9-81C9-BBDB6F7CDC9C,B0533255-9E84-47A4-B759-366AC914B805,Expungement
327,LA,237BC12B-8F50-4EC9-81C9-BBDB6F7CDC9C,FF39CE9E-F3AC-40D4-88DA-EDE54DB7B163,Other
328,LA,237BC12B-8F50-4EC9-81C9-BBDB6F7CDC9C,1AB2F880-627E-41E3-9AA3-5066F6C86815,"Copyrights, Trademarks, and Patents "
329,LA,237BC12B-8F50-4EC9-81C9-BBDB6F7CDC9C,0F09521B-8E7A-43D2-8BB7-91DA82851194,"Hurricane Ida - FEMA "
330,LA,A816EDAA-B346-4722-96B3-C3D550A00FCE,01FB23BE-AF96-4E16-B0A8-5678A6B692F2,Immigration
331,LA,A816EDAA-B346-4722-96B3-C3D550A00FCE,60E2DDE5-AAF9-4365-B29D-D66F87C972F4,"Civil/Constitutional Rights"
332,LA,C6AA96B1-D5CF-4379-8B55-EFD103C8EF1D,80A12AD6-4A9F-4940-83A2-F88062C3A0CF,"Housing or Property Owned"
333,LA,C6AA96B1-D5CF-4379-8B55-EFD103C8EF1D,3EF97B1E-A9FE-4233-8F08-B64FE802000E,"Hurricane Ida - Housing or Property Owned"
334,MA,E30D6A83-DB66-4E4E-B9E5-02F25506CF5C,1A993588-0572-4EA5-A279-C8223426FE9E,NULL
335,MA,E30D6A83-DB66-4E4E-B9E5-02F25506CF5C,E74431BB-5FE4-4B6F-9489-11A43A51CBD6,"School or Special Education"
336,MA,4456F415-AB12-4C65-8CB5-0984D068A01E,EE9E0B7E-9786-4603-9B90-7FCB59A4DC59,"Housing or Real Estate"
337,MA,0476AE82-2789-4565-B1E8-1D94E336537A,945D14F3-0E0A-4947-B645-4E4310349C31,"Family or Divorce or Custody"
338,MA,0476AE82-2789-4565-B1E8-1D94E336537A,5C189553-C3FF-47F8-BB1F-11F169D27E9B,"Wills or Trusts or Estates"
339,MA,FE3C7CE6-5920-4796-8665-258A6549281D,C85C57D5-AB83-4179-8D3B-941AD2D27199,"MassHealth or Medicare or Health Insurance"
340,MA,FE3C7CE6-5920-4796-8665-258A6549281D,382EF6E9-C678-4309-88BA-931277F37372,NULL
341,MA,10B57C9A-395F-42D2-BAEB-375CA36EB8F6,A0017C97-A4D5-45AE-A8A0-FD70CF91E37A,"CORI or Criminal Records"
342,MA,10B57C9A-395F-42D2-BAEB-375CA36EB8F6,53F01B4B-A990-4E57-A8D6-4BD934B66F5B,NULL
343,MA,10B57C9A-395F-42D2-BAEB-375CA36EB8F6,23936969-4C3E-4466-AC97-A071BD674C23,Other
344,MA,3C7610FE-C74D-49C8-80A1-47CD73030592,BA492ABF-A52F-4098-A1CB-CE00DE58E882,"Civil Rights"
345,MA,3C7610FE-C74D-49C8-80A1-47CD73030592,CFBDFD61-A1EB-4F72-A3A0-87F58495E668,Immigration
346,MA,8218B012-2139-4E78-9A19-6CC249252394,9885AD6C-96DE-4624-9CE7-A10E33913391,NULL
347,MA,311F2A58-C0B1-4A8B-881F-7715FA35B9C3,318A405A-20EA-42CB-BB91-EDF7F3141597,Taxes
348,MA,311F2A58-C0B1-4A8B-881F-7715FA35B9C3,59788BB6-7ECD-4811-83B3-5A19B6554A4C,NULL
349,MA,311F2A58-C0B1-4A8B-881F-7715FA35B9C3,F099CFE6-321C-46AD-B65A-3129C0BDBA09,"Debts or Consumer or Bankruptcy"
350,MA,F301362A-3A39-4129-AE5F-AD0EE01DD357,37AE3889-A40D-4CE1-949D-1016389B1DC7,"Government Benefits (SNAP or TAFDC)"
351,MA,F301362A-3A39-4129-AE5F-AD0EE01DD357,20F1D1FA-ED75-4A16-A4AD-D21CCB3D7F34,NULL
352,MA,F301362A-3A39-4129-AE5F-AD0EE01DD357,3C22295A-C669-4B92-B97F-A84C8180E29B,"SSI or SSDI or Social Security"
353,MA,F301362A-3A39-4129-AE5F-AD0EE01DD357,47CB6245-C261-4036-AD8A-22DDDFD8B3ED,Veterans
354,MA,87D9B01B-BD0E-4770-8958-F3B7E2A5D5D1,B090D004-60D8-4107-BE05-49D33F827062,"Employment Issues"
355,MD,64F5428A-09DC-4CB1-A9C9-1557D4DC07E1,CE96EA37-28B5-4D6C-A223-308B47316E99,Family/Divorce/Custody
356,MD,64F5428A-09DC-4CB1-A9C9-1557D4DC07E1,C92A96C3-4E31-4D2A-B97F-3C100B99E2B4,Wills/Inheritance
357,MD,8DA03571-15E1-4721-B392-530D40E1D84F,104530EA-61A4-48BD-9896-E460DB84CD69,"Debts & Purchases"
358,MD,8DA03571-15E1-4721-B392-530D40E1D84F,D62EEE80-D086-4FB7-AA1F-B217FB3BA674,"Natural Disaster"
359,MD,4494CB74-8B77-4199-8C2E-5D75477981B9,572DF92A-8279-43F4-8E20-D899AD532C4F,Work
360,MD,BDD0BB73-2ABC-47B1-BE64-68445BB793F1,24738A56-2809-4961-912F-2F483A2602AC,"Personal Injury"
361,MD,BDD0BB73-2ABC-47B1-BE64-68445BB793F1,C0BFF7C1-5D43-4EE1-BC5C-6ED56CAE05B9,Expungement
362,MD,BDD0BB73-2ABC-47B1-BE64-68445BB793F1,1806F7D9-6C67-4F7D-9028-766648836DD0,Other
363,MD,CA622189-231D-4E46-AFC8-6C0494738D2D,C33FBC8D-9914-4F46-BB20-CAC51F499C53,"Special Education"
364,MD,CA622189-231D-4E46-AFC8-6C0494738D2D,C68EC3F2-A9FB-4C37-99F1-188D492AC25A,"School Discipline"
365,MD,08F800FA-B7C5-47BD-AF38-83F17CAAFA3E,27A1C6AB-8697-4D0C-826F-F44367DEBB42,"Worker's Comp"
366,MD,08F800FA-B7C5-47BD-AF38-83F17CAAFA3E,DF6DC3F0-039B-4608-9624-BDBB80C1CCA4,Benefits
367,MD,79197209-A9AA-4CBD-AE53-86AA3B97DDC1,EB70BEA6-86C9-4AFC-8E17-A8563D7E91C8,"Health Care"
368,MD,79197209-A9AA-4CBD-AE53-86AA3B97DDC1,D4BC960F-F43D-4B92-B0FF-1D1164E3BFEB,"Medicaid/Medicare/Affordable Care Act"
369,MD,6A40AC44-9625-48D7-91AA-BBAB984BDF1A,ED3FFF0D-CC98-4AF0-9AED-446C4D224C7C,"Emancipation and Delinquency"
370,MD,B02FBAEE-BC56-4B11-A200-BCFBD2AF0856,70AE5115-99B4-47D8-BE31-42EB4175D1A0,"Housing or Property Owned"
371,MD,F85CC953-B43D-4067-A622-F25BE1AA9978,71ACEA1B-1702-499B-ACC3-272EF712934B,Immigration
372,MD,F85CC953-B43D-4067-A622-F25BE1AA9978,E4A5DA17-CAE4-439F-B263-58F3C2E849DD,"Civil/Constitutional Rights"
373,ME,4B74FB24-CDE9-4EE4-BE2C-17E20F8F9DD8,98606A10-BECA-491E-9E0A-E248DF27C9B2,"MaineCare/Medicare/Affordable Care Act"
374,ME,4B74FB24-CDE9-4EE4-BE2C-17E20F8F9DD8,BC1C7C31-E23E-4E2C-8EFC-37B2A9DC21B4,"Health Care"
375,ME,4B74FB24-CDE9-4EE4-BE2C-17E20F8F9DD8,A30657DE-41D4-48B6-8B34-091CA5A25E6C,"Power of Attorney/Conservatorship/Adult Guardianship"
376,ME,CA4CA595-D239-41D3-9EEA-33C53E2D2D59,71EA4E4A-07A6-4CDB-9730-ADF5FA14D9CA,"Work, Employment & Unemployment"
377,ME,D173CC38-F92C-4753-8633-33CFAE72CFC0,D24A7051-4E6C-4286-8AC9-F3878B3B43DD,Benefits
378,ME,D173CC38-F92C-4753-8633-33CFAE72CFC0,F861C927-43FC-41D4-9BE5-1404C79AB366,"Worker's Comp"
379,ME,05FB62D7-77A9-40E8-8EA3-3FF2A681C660,0C0999FA-B693-4E06-B3E2-1423C141EDB4,"School Discipline"
380,ME,05FB62D7-77A9-40E8-8EA3-3FF2A681C660,500E71A3-DD7B-46FA-93A9-E6DFAF566F89,"Special Education"
381,ME,14099F4F-7059-4ABB-9EC7-582BBBFF8C39,3F155B47-2B49-42EE-946B-20036869B39F,Expungement
382,ME,14099F4F-7059-4ABB-9EC7-582BBBFF8C39,7012195E-BAD8-419B-9A39-30C9B0002E9E,"Personal Injury"
383,ME,14099F4F-7059-4ABB-9EC7-582BBBFF8C39,1A17AEFA-D673-4F90-BD00-7211BBE6C648,"Small Claims"
384,ME,14099F4F-7059-4ABB-9EC7-582BBBFF8C39,18C55DAD-1B9D-40FB-A856-57D83C321985,Other
385,ME,A1024819-F897-40F9-948D-5DA7D86EA3FF,062E1BC2-2F0C-4278-A266-5E317F3291D4,"Emancipation and Delinquency"
386,ME,41B9198F-0CE4-431E-95CC-9AFAF2864044,3B6A84C0-908D-4511-B286-5B75159CE310,"Housing or Real Estate or Evictions"
387,ME,81FA781E-43F9-498C-958C-A2AA5412A916,33CBBBB0-A157-4B8C-85D7-7C641F156777,Family/Divorce/Custody/Adoption
388,ME,81FA781E-43F9-498C-958C-A2AA5412A916,0226033A-820F-4F5F-89B0-54AF60047424,Wills/Trusts/Inheritance
389,ME,81FA781E-43F9-498C-958C-A2AA5412A916,924F74F5-47C5-4D49-9337-7314FBADEDE5,"Safety, Domestic Abuse, Protection from Abuse or Harassment"
390,ME,A9B5B24E-91E4-44C9-B8F3-B30611AF4158,C9E7DF95-DE73-47E3-B71C-26FDAFF84A55,"Civil/Constitutional Rights"
391,ME,A9B5B24E-91E4-44C9-B8F3-B30611AF4158,5BB9BBBF-B02F-43AC-991D-9361543C3153,Immigration
392,ME,4D0DFB5D-7F05-4737-849F-FB2E729B5AB0,10662596-7338-4322-B1DF-774133192097,"Natural Disaster"
393,ME,4D0DFB5D-7F05-4737-849F-FB2E729B5AB0,3046DEA6-ABF4-48C5-B45A-0D52D22C4DB1,"Debts, Bankruptcy & Purchases"
394,ME,4D0DFB5D-7F05-4737-849F-FB2E729B5AB0,0D029D25-CEF5-4CB6-8234-E1BB6FEBD877,"Taxes, State or Federal"
395,MI,03BA8D6E-FC80-4C65-B3DE-067D296C8E0D,1EAC9ABE-47A6-4C3C-B786-9541B5F51A27,"Housing or Property"
396,MI,20510401-6D3A-486B-B1EE-091EE6F20994,593B47B7-AF3E-4BBC-888C-921B264B5DA5,"Emancipation and Delinquency"
397,MI,75534B7D-7A09-4AE1-AEF6-24705DCDC97E,87A67334-D19F-4A3A-A4D6-6919F7E34BEA,Immigration
398,MI,75534B7D-7A09-4AE1-AEF6-24705DCDC97E,631ED9EC-A51A-4C16-AAD8-EC79083F104E,"Civil/Constitutional Rights"
399,MI,B6F6EBDF-CE9F-4FF5-930E-44B241E3B240,4BBE4F0B-394A-4F57-9EEE-B2DA2DAB4E42,Family/Divorce/Custody
400,MI,B6F6EBDF-CE9F-4FF5-930E-44B241E3B240,8F7B8FA2-47DB-451D-A4CC-D9834F41BBAF,Wills/Inheritance
401,MI,0975EC96-F4A9-4AE7-9E2F-7B1B36867A45,5C9661B9-EAF6-462F-80F0-6B569AA7E742,"Worker's Comp"
402,MI,0975EC96-F4A9-4AE7-9E2F-7B1B36867A45,3468CE24-6019-4FF2-BC78-BF8704759A64,Benefits
403,MI,F5EC9F89-7534-42B1-BBD3-A6C2F1D3BDCB,87DA0A91-A3D6-480F-83C4-00E95A2A4702,"Personal Injury"
404,MI,F5EC9F89-7534-42B1-BBD3-A6C2F1D3BDCB,2E5E9E5F-0BAE-4644-BAA6-E58397724F76,Expungement
405,MI,F5EC9F89-7534-42B1-BBD3-A6C2F1D3BDCB,63CEA113-1728-42EF-8F68-AC53997EED8B,Other
406,MI,F5EC9F89-7534-42B1-BBD3-A6C2F1D3BDCB,F46A6F72-3E2A-4E91-97DA-D6E662DDDB6E,"Veteran's Legal Issues"
407,MI,29E0B1D9-D351-46AB-802A-B7D0E78632E1,97C33ED5-A8F5-4A43-A204-AD966EDAD412,"Debt Collection"
408,MI,29E0B1D9-D351-46AB-802A-B7D0E78632E1,1D5072FD-FFE5-4928-9F8E-43E7AD27A715,Bankruptcy
409,MI,29E0B1D9-D351-46AB-802A-B7D0E78632E1,5898256B-A028-4C00-A2CE-0D065A615069,"Natural Disaster"
410,MI,29E0B1D9-D351-46AB-802A-B7D0E78632E1,99852251-55AB-487B-A63A-5588DE9F81DF,"Debts & Purchases"
411,MI,AC036EC9-0E98-44A5-9D39-BF2793B3BB3D,F4F17355-1F4A-4E44-9E99-9CA9A5050D2C,"Health Care"
412,MI,AC036EC9-0E98-44A5-9D39-BF2793B3BB3D,56FF30C0-5E29-4514-8452-4A13E8A3CAA6,"Medicaid/Medicare/Affordable Care Act"
413,MI,AC036EC9-0E98-44A5-9D39-BF2793B3BB3D,542680E8-684A-4EAC-BFDB-D5406951130F,"Water Issues"
414,MI,5331AE18-548B-422B-B57B-BF7726FA0C31,521B9A60-EC11-4090-B5ED-EA26F474F887,Work
415,MI,2C74CBFB-EF78-433F-8594-CA8249EB6160,EAACD1DA-E235-436A-A9D0-60E7DC78180A,"Special Education"
416,MI,2C74CBFB-EF78-433F-8594-CA8249EB6160,13BBD63C-ED3D-4E98-A7E6-303028C4BB4D,"School Discipline"
417,MO,8B5394C5-1502-44F3-86B4-01F3CCC4127A,08CD7C92-5B69-4DA8-9A7A-B97B523548CB,Benefits
418,MO,8B5394C5-1502-44F3-86B4-01F3CCC4127A,CB61C99C-DE27-4D66-98D6-E7502E8B5802,"Worker's Comp"
419,MO,483D286A-9886-4489-8A70-0B90FC6F687E,F11FB707-F2D7-40CB-80DE-6A121FA8CD8D,Employment/Unemployment
420,MO,483D286A-9886-4489-8A70-0B90FC6F687E,8306C84B-0120-4C37-813B-BC2B2F4656DE,"Employment/Unemployment - COVID 19"
421,MO,764345F1-C2F5-44C1-9B04-10FA59C7D96B,40DCCA5E-B51B-499D-B478-D5B21F77BB66,"Business/Intellectual Property"
422,MO,764345F1-C2F5-44C1-9B04-10FA59C7D96B,4B281C59-9441-400F-9E4D-3D0C1CC7DF1A,Other
423,MO,764345F1-C2F5-44C1-9B04-10FA59C7D96B,0173AB8F-F4F0-4F27-AA76-F01006AC8D84,Expungement
424,MO,764345F1-C2F5-44C1-9B04-10FA59C7D96B,0ABDD6D6-F0F4-4301-989C-EF94D6EC3587,"Personal Injury"
425,MO,C0870397-56E5-473A-B4E5-225C4A10ABB1,2AC80156-A3D3-4F5D-BC6C-02C067FEFD1B,"Emancipation and Delinquency"
426,MO,2F4A1A55-26B1-40FF-A357-33DD3F1E8ECD,92581DF8-ACB5-46FC-9644-5CB3EAB76E60,School/Education
427,MO,2F4A1A55-26B1-40FF-A357-33DD3F1E8ECD,3F7AECA1-2986-4D2E-B3C8-E3C6AA4CF10D,"Special Education"
428,MO,D14737A3-BCDF-49E3-A9CA-369012AE1506,903261BE-0D0E-4923-9AB1-3B57B5DE57D6,"Home or Property Owned"
429,MO,D14737A3-BCDF-49E3-A9CA-369012AE1506,E000615E-DF9F-4ADB-A07F-8E4228BD0D4A,"Rental Property"
430,MO,D14737A3-BCDF-49E3-A9CA-369012AE1506,E5EFBFD1-48BA-4FD4-AFCB-F74031121E81,"Home or Property Owned - COVID 19"
431,MO,D14737A3-BCDF-49E3-A9CA-369012AE1506,EA3604CE-0CE3-4988-95D1-B0570C5C1A26,"Rental Property - COVID 19"
432,MO,E2A46434-6B4A-4DA2-9EF8-4138F680AE4F,19D9F1BE-D9E5-432D-B067-64A5671C0907,"Healthcare - COVID 19"
433,MO,E2A46434-6B4A-4DA2-9EF8-4138F680AE4F,D4FEB305-E9BA-496C-8787-6217DF60982D,"Health Care"
434,MO,E2A46434-6B4A-4DA2-9EF8-4138F680AE4F,E8449391-952F-4F4A-94C4-A02A399FB838,"Medicaid/Medicare/Affordable Care Act"
435,MO,408D559B-E9D3-4C6F-8312-782BF4E57028,1144EA88-797F-4F4E-BE80-75AE4348E9B8,Wills/Inheritance
436,MO,408D559B-E9D3-4C6F-8312-782BF4E57028,698E4F50-90E2-407B-B273-3D2BDB5A9C5A,Family/Divorce/Custody
437,MO,408D559B-E9D3-4C6F-8312-782BF4E57028,425281C9-206C-4055-B3AB-BFDE7B483AF7,"Guardianship/POA - COVID 19"
438,MO,408D559B-E9D3-4C6F-8312-782BF4E57028,6093ACF5-000A-4BB7-ABCE-C25922F0608C,"Guardianship or Power of Attorney"
439,MO,408D559B-E9D3-4C6F-8312-782BF4E57028,CFF9B72C-1774-4AD4-96B4-3A5BEA180050,"Family/Divorce/Custody - COVID 19"
440,MO,1EBBF19C-9E26-408A-805A-BC5362E36F28,1AF2BC1C-97F0-4A74-AE52-E6DCB1D979DE,"Auto or Property Insurance"
441,MO,1EBBF19C-9E26-408A-805A-BC5362E36F28,4AB66532-2AC6-4D70-B0C9-5C66E68A35C3,"Debts & Purchases - COVID 19"
442,MO,1EBBF19C-9E26-408A-805A-BC5362E36F28,7BFB470E-8B86-43F0-9D39-057F2A976D7E,"Debts & Purchases"
443,MO,1EBBF19C-9E26-408A-805A-BC5362E36F28,BFF39D5D-1E5B-43B8-86D1-ED03424407AD,"Natural Disaster"
444,MO,4AA6FB8D-81D7-413A-852C-D7A553C78EF6,5666489D-71FF-4E2A-8442-BD128637E039,"Civil/Constitutional Rights"
445,MO,4AA6FB8D-81D7-413A-852C-D7A553C78EF6,928CE0B7-4CEE-4DD5-A205-9AC3A0428521,Immigration
446,MO,4AA6FB8D-81D7-413A-852C-D7A553C78EF6,F42280F7-9877-4165-93BF-6D392C5646D4,"Individual Rights - COVID 19"
447,MS,AA23BBE5-7950-43DD-87CB-1710883DFCE0,7288AABF-F1FA-4EF6-9EE3-5AB035CBB059,"Special Education"
448,MS,AA23BBE5-7950-43DD-87CB-1710883DFCE0,A6D9EBD8-546A-4772-82E5-7B4FD07EC765,"School Discipline"
449,MS,99C7599E-6FFC-42F4-892F-3D1AADE4E762,43B03E06-8BCA-4260-B4F6-8ADF708E7048,"Natural Disaster"
450,MS,99C7599E-6FFC-42F4-892F-3D1AADE4E762,8CA0AD28-8F61-41E2-A1D7-5E091BA3B4F7,"Debts & Purchases"
451,MS,772EC297-5D6F-469A-9F0E-4850311E14DA,471122D1-919D-48C2-A020-3F31EEFB1436,Family/Divorce/Custody
452,MS,772EC297-5D6F-469A-9F0E-4850311E14DA,443D4734-F9B6-4A47-B17A-96BEEE35AC07,Wills/Inheritance
453,MS,300E64A5-11D6-4E71-8689-65C2A7729C2F,428959B3-6583-4A5C-8D7D-B1C9A255A2EF,"Personal Injury"
454,MS,300E64A5-11D6-4E71-8689-65C2A7729C2F,3C78AD17-D423-4507-B88B-7FAE9459C846,Expungement
455,MS,300E64A5-11D6-4E71-8689-65C2A7729C2F,77CFD757-D72B-435E-9811-32E0494FF4DB,Other
456,MS,CA53BF71-0725-4C2E-A196-67CD5153F13B,FA33AD69-1137-445D-9FBB-61DF69917703,"Emancipation and Delinquency"
457,MS,C5D953FD-ED39-4560-9878-85F9875B4C4E,80FBE2AE-41C1-4DBA-BF7D-A05CF2B3BF6F,"Worker's Comp"
458,MS,C5D953FD-ED39-4560-9878-85F9875B4C4E,6DDD2229-4CD0-4362-870F-6CDF3F841202,Benefits
459,MS,4AAD601E-C6FC-41C6-8A53-B6F16BA7E644,688A77C0-EBC3-4DEA-971D-8C687C713C5F,"Health Care"
460,MS,4AAD601E-C6FC-41C6-8A53-B6F16BA7E644,743CE802-D0AA-413F-884D-0C0575100E3A,"Medicaid/Medicare/Affordable Care Act"
461,MS,DEB587B0-8892-461B-9FEE-C2B65331A4C1,A9BE5D0F-1C93-4547-8422-6F225BF46770,Work/Employment
462,MS,3F8BE11B-1147-4087-8DD8-E029DE28A286,76E0D853-EA8F-42C9-9043-9C10581675D5,"Housing or Property Owned"
463,MS,A05D1E01-E738-447B-929A-FA1F1E23B3B8,368938DB-7339-4209-9EC4-E84A08493B97,Immigration
464,MS,A05D1E01-E738-447B-929A-FA1F1E23B3B8,CE971B70-3283-4877-B082-95D89000CF68,"Civil/Constitutional Rights"
465,NC,E6F4FD7C-FCE9-4763-AADD-0544158DE0BB,A911AEC6-4E0E-45B3-8807-024EC3C2EADE,Expungement
466,NC,E6F4FD7C-FCE9-4763-AADD-0544158DE0BB,81D88E4F-5B6A-4C9B-BE9A-C4AEAD0B1D7D,"Personal Injury"
467,NC,E6F4FD7C-FCE9-4763-AADD-0544158DE0BB,26D3CE4B-3540-477E-BA03-78EF65769A12,Other
468,NC,E6F4FD7C-FCE9-4763-AADD-0544158DE0BB,D73C1064-675A-44C4-A3CD-60C1F20C3BF2,Military/Veteran
469,NC,E6F4FD7C-FCE9-4763-AADD-0544158DE0BB,000BA460-54AE-4583-BBB7-9FD7AB2899F0,"Hurricane - Other"
470,NC,E6F4FD7C-FCE9-4763-AADD-0544158DE0BB,E3257971-6837-4BAD-B00D-E4040F0C8B8A,"Civil Procedure"
471,NC,E6F4FD7C-FCE9-4763-AADD-0544158DE0BB,97372D50-207D-4FBE-B346-4D22CC4005E2,"Hurricane - Lost Documents"
472,NC,E6F4FD7C-FCE9-4763-AADD-0544158DE0BB,1830BB92-4C23-4569-92AF-2467C4DFFF1A,"Traffic Tickets"
473,NC,E6F4FD7C-FCE9-4763-AADD-0544158DE0BB,2FCA18A0-4F40-41AA-9E78-6301E4118C53,"Privacy Rights"
474,NC,E6F4FD7C-FCE9-4763-AADD-0544158DE0BB,C84B5B6D-8253-43D9-A576-3748D63EB33F,Property
475,NC,E6F4FD7C-FCE9-4763-AADD-0544158DE0BB,8EE0B2F4-5841-467B-B70E-C1ACBD4D8F0F,"COVID-19/Coronavirus "
476,NC,E6F4FD7C-FCE9-4763-AADD-0544158DE0BB,8A5E99CD-256E-494E-B38E-F5F2BBE690CC,Copyright/Trademark/Inventions
477,NC,A56CA695-DA51-419F-87CF-228B360F2E9B,82E28195-E30A-46FB-8764-5F58D205F0E6,"Hurricane - Housing"
478,NC,A56CA695-DA51-419F-87CF-228B360F2E9B,4B60EA69-A031-42CE-BA4B-F6772AEC7674,"Hurricane - Insurance"
479,NC,A56CA695-DA51-419F-87CF-228B360F2E9B,F4BB9A8A-D699-48FD-A6E7-58FB95CC4021,Housing/Eviction/Foreclosure/Tenants
480,NC,C8E1275A-6C42-42E4-9B7D-231BAC438FC9,73A59926-BA0B-44EC-ABF3-F4C9181EEA83,"Civil/Constitutional Rights"
481,NC,C8E1275A-6C42-42E4-9B7D-231BAC438FC9,A463C2FF-7218-4716-9B36-1BA89015F585,Immigration
482,NC,FEE8E86C-A04F-4F6D-97D0-2D8C96ECCD90,8CEDABC5-E521-46B9-8850-6FC4ED1216A0,Work/Employment/Unemployment
483,NC,D763B260-BF1B-46DE-AA1B-5279BEF9C80F,E7C4D9A8-B153-4FBD-9A52-FAC737BE28C4,"Government Benefits (SNAP, TANF, SOS, SSI/D)"
484,NC,D763B260-BF1B-46DE-AA1B-5279BEF9C80F,AA8BE2EB-A442-4DEC-8282-CF021CFAAACE,"Worker's Comp"
485,NC,47A59676-DFEE-4C51-AB89-60F2B4D73B53,70C227EE-402B-4E50-8AA3-8957CC75A750,"School Discipline (Short-term suspensions, Long-term suspensions, Expulsions)"
486,NC,47A59676-DFEE-4C51-AB89-60F2B4D73B53,FA0399FB-FD75-4784-A786-EFC76579FF7B,"Special Education (IEPs, 504 Plans, Behavioral Intervention Plans)"
487,NC,A3D38FA3-0819-48CC-8A2C-69B82E11D137,68B4592E-4CF2-4A1A-A51E-3DDA41FB3DE5,"Emancipation & Delinquency"
488,NC,27F28633-478A-414D-81B2-70B4AD0EB3A3,4D3753CD-8FD5-47EA-B327-E41A150335F8,"Medicaid/Medicare/Affordable Care Act"
489,NC,27F28633-478A-414D-81B2-70B4AD0EB3A3,8A342FD4-2CB8-41A9-9103-515B8E10546F,"Health Care"
490,NC,F6016FBD-9501-4448-BCD3-BBB0E834E33B,73FE486E-2B51-456A-A6D9-78A7D05802AA,"Bankruptcy, Debts & Purchases"
491,NC,F6016FBD-9501-4448-BCD3-BBB0E834E33B,6BA5FBCC-0460-4181-803E-9CA7EC59DBA5,"Hurricane - Scam/Consumer Protection"
492,NC,F6016FBD-9501-4448-BCD3-BBB0E834E33B,A866ADF3-F6F7-487A-9313-A439630E463F,"Hurricane - Consumer"
493,NC,F6016FBD-9501-4448-BCD3-BBB0E834E33B,EBFBAACF-2F02-4B32-9573-95D4ABB29AA5,"Insurance (property or car insurance)"
494,NC,F6016FBD-9501-4448-BCD3-BBB0E834E33B,3D38BD30-86BE-4771-BE34-949EF040DF61,Contracts
495,NC,F6016FBD-9501-4448-BCD3-BBB0E834E33B,3560139A-2D11-4725-8FFA-0B60F67EE848,"Business or Tax"
496,NC,C932D197-7F43-4BCF-BE0B-FE5F5DBCB9EF,F5867161-928F-4F27-B927-38AEDAB45FB0,"DSS/DHHS/CPS/Parental Rights"
497,NC,C932D197-7F43-4BCF-BE0B-FE5F5DBCB9EF,1CB93460-F040-46FE-9DAB-458E698030DA,"Domestic Violence/Restraining Orders"
498,NC,C932D197-7F43-4BCF-BE0B-FE5F5DBCB9EF,091D7A50-755E-4C1D-A088-5989FC053CCF,"Hurricane - Wills/Probate"
499,NC,C932D197-7F43-4BCF-BE0B-FE5F5DBCB9EF,E9F87919-0CD5-4D9D-AAC6-3CBC49132F1D,"Family/Divorce/Custody/Visitation/Child Support"
500,NC,C932D197-7F43-4BCF-BE0B-FE5F5DBCB9EF,8C7CE01E-1EDE-42C4-8C99-0233E565855F,"Estate/Wills/Inheritance/Power of Attorney"
501,ND,086E1309-2ABB-4A5F-B9DE-2D7A252408E4,AEA1F67A-0AAF-4BEA-B376-506978CC1B31,Work
502,ND,D1C185CB-9BB5-4D1C-8A8E-3360E94966C9,7E88B3E5-05AE-4CE7-8913-CC7917E885BB,"Health Care"
503,ND,D1C185CB-9BB5-4D1C-8A8E-3360E94966C9,EF124E76-2F4F-4022-9A30-4FC33238B711,"Medicaid/Medicare/Affordable Care Act"
504,ND,2056ACBE-CFF4-4F1F-A945-3521EEA3AD9D,785C0050-76B6-409D-BABF-CF3558697621,"Housing or Property Owned"
505,ND,4BE071A7-FC9F-4734-8FB7-4BF464779138,83AB3A94-DDB9-4FB7-8624-CE1537A626A0,"Personal Injury"
506,ND,4BE071A7-FC9F-4734-8FB7-4BF464779138,02ACA26C-3516-4BA7-A255-24AE6164775B,Expungement
507,ND,4BE071A7-FC9F-4734-8FB7-4BF464779138,DCD270EE-7DBC-491D-B8E0-5202968B2C3A,Other
508,ND,895329E6-5B5F-4D83-8540-5D0311BAB029,1464ED55-83DE-40BB-B71B-9875962C1B4D,Benefits
509,ND,895329E6-5B5F-4D83-8540-5D0311BAB029,FAFFF6AC-2244-4AA2-9C5E-6A36F01265A3,"Worker's Comp"
510,ND,FE65BF3F-AA2A-4875-A949-82668E224095,DFA7CDE7-CDF4-434C-894A-FFA444324106,"Special Education"
511,ND,FE65BF3F-AA2A-4875-A949-82668E224095,14087528-6698-49CD-8E62-B9B3A8BFF294,"School Discipline"
512,ND,968A703D-6746-44CB-9536-9901229CDA73,3CD575D0-1D03-4ED9-A575-5866352804C6,"Natural Disaster"
513,ND,968A703D-6746-44CB-9536-9901229CDA73,B4ECF788-67BD-478C-823E-B1BD6EF1D1D4,"Debts & Purchases"
514,ND,13B18882-9008-4C1E-AD66-B33FCC316D84,08A37AA7-346B-4FC3-ACE7-4613AE317AAB,Family/Divorce/Custody
515,ND,13B18882-9008-4C1E-AD66-B33FCC316D84,B75D81A7-3B6D-48C3-875D-1F8D5782F9A5,Wills/Inheritance
516,ND,009EBCC1-D9F0-452B-807B-D8763B49C28F,F88F2FF1-E3CB-455B-A358-65F5135D6151,Immigration
517,ND,009EBCC1-D9F0-452B-807B-D8763B49C28F,DEBBF247-8A81-45A5-AB81-F9EE7420AA21,"Civil/Constitutional Rights"
518,ND,8731D11C-2715-4B28-965C-EFE9D01D8863,355E5F84-EEB0-482E-851B-354A3DAE514E,"Emancipation and Delinquency"
519,NE,BF9E5FED-B184-4727-8EBA-08F3FCCF8E7E,B14C1217-7F67-4C4F-A8D0-A9216F819511,"Student Financial Aid"
520,NE,BF9E5FED-B184-4727-8EBA-08F3FCCF8E7E,956082E2-E247-4EA5-98FD-573A8B29FF30,"School Discipline (including Expulsion and Suspension)"
521,NE,BF9E5FED-B184-4727-8EBA-08F3FCCF8E7E,25CC8ED7-479A-433E-AA9E-B7308AF6E38A,"Special Education/Learning Disabilities"
522,NE,134F6576-F186-4F91-A199-34A12963E699,6F924CC7-D64C-4BB3-AF19-A958C0E5E0AD,Divorce/Separation/Annulment
523,NE,134F6576-F186-4F91-A199-34A12963E699,978E2537-D5C5-4C93-AA9F-3BDF77E19FBF,"Parental Rights Termination"
524,NE,134F6576-F186-4F91-A199-34A12963E699,C4130C9C-9B4D-4A92-B3DE-173BE590C53B,"Grandparent Visitation"
525,NE,134F6576-F186-4F91-A199-34A12963E699,9AFD501A-04B4-411C-A94C-66B47C37732B,Adoption
526,NE,134F6576-F186-4F91-A199-34A12963E699,476BB594-AF09-43A3-A690-B5708C9AF920,"Domestic Abuse/Protection or Harassment Order"
527,NE,134F6576-F186-4F91-A199-34A12963E699,E814171D-72AB-46C6-B233-3B834DC9A07C,"Child Support"
528,NE,134F6576-F186-4F91-A199-34A12963E699,A8D4838F-0FE7-473B-9D7E-7C3996E3DAD6,"Custody/Parenting Time"
529,NE,134F6576-F186-4F91-A199-34A12963E699,CA626FDA-C39F-49BD-9BA8-E50BD0071691,Paternity
530,NE,134F6576-F186-4F91-A199-34A12963E699,2A5C4BB5-D416-4D30-86BF-C7CE880E800D,"Name Change Adult"
531,NE,134F6576-F186-4F91-A199-34A12963E699,96B7EB84-AEB4-4CCF-8DCC-C7FD5CD3EBD7,Guardianship/Conservatorship
532,NE,134F6576-F186-4F91-A199-34A12963E699,C8BB2B52-96EA-49FF-A84B-1963320E2EE2,"Name Change Minor"
533,NE,44E66E58-6C15-4EB4-A3FC-50C10D62C95A,AF3B24FD-4869-4BD2-88E5-95EB64D19932,"Employment Discrimination"
534,NE,44E66E58-6C15-4EB4-A3FC-50C10D62C95A,1EE97A1F-D9EE-4CDF-A42E-E883783D671D,"Employee Rights"
535,NE,44E66E58-6C15-4EB4-A3FC-50C10D62C95A,40ECE127-357D-4194-B2E0-B398E8B7BAC7,"Wage Claims and FLSA Issues"
536,NE,44E66E58-6C15-4EB4-A3FC-50C10D62C95A,8AC49C62-892E-4754-8C2C-6DFA9F13EC78,"Work, Employment, Unemployment"
537,NE,58028740-2F4A-4863-ACBF-8B45AEE0DA60,768CEBC6-6900-40B9-BE72-821EBF21ECE2,"Private Landlord/Tenant"
538,NE,58028740-2F4A-4863-ACBF-8B45AEE0DA60,4C2675EF-8B7D-47D3-890B-7906F5381621,"2019 Flood -Housing"
539,NE,58028740-2F4A-4863-ACBF-8B45AEE0DA60,8B6F1E9D-61BE-432A-803F-E48C677F18B5,"2019 Flood -Insurance"
540,NE,58028740-2F4A-4863-ACBF-8B45AEE0DA60,DB2A14EF-DDE8-4DB5-8094-1446F97DA799,"2019 Flood -Lost Documents"
541,NE,58028740-2F4A-4863-ACBF-8B45AEE0DA60,2E337C3B-F266-4AC6-8878-7942776FD2FD,"Home Ownership/Real Property"
542,NE,C75182B3-7F93-498B-9436-913380FB9D3B,76C5E02F-5CA1-49C1-9354-EF464B36A482,Probate
543,NE,C75182B3-7F93-498B-9436-913380FB9D3B,51D7D32C-D2FC-45C9-AB79-35BC72EFDD1B,"2019 Flood -Wills/Probate"
544,NE,C75182B3-7F93-498B-9436-913380FB9D3B,4D2C9439-B51A-4DBC-BAC1-F7AD5BB74E18,"2019 Flood -Other"
545,NE,C75182B3-7F93-498B-9436-913380FB9D3B,01F94300-4C69-42EE-A06C-D69DA6B5850A,"Other/Issue Not Listed"
546,NE,C75182B3-7F93-498B-9436-913380FB9D3B,70FFD0FE-DC8E-421E-9E6F-E449CE1F52A9,Wills/Estates/Inheritance
547,NE,C75182B3-7F93-498B-9436-913380FB9D3B,9B3619B2-1FC9-45E9-A01B-D7A2BD2331AE,"Torts/Personal Injury/Negligence"
548,NE,E9154968-AE5B-404D-A77F-99D55F560A11,7489016F-23D8-40B7-B4E1-264FC6B30DBE,"Criminal Expungement/Set Aside Conviction"
549,NE,E9154968-AE5B-404D-A77F-99D55F560A11,7DBC986B-652F-4F97-8F36-4985E0DFEEAB,"Civil Rights"
550,NE,E9154968-AE5B-404D-A77F-99D55F560A11,13910183-5126-44E1-AA3C-34DB48806BE0,Immigration/Naturalization
551,NE,E9154968-AE5B-404D-A77F-99D55F560A11,D9B00A78-99C2-4E69-958E-DD0C55FEE61B,"Disability Rights"
552,NE,E9154968-AE5B-404D-A77F-99D55F560A11,F59A43B0-3DC3-471A-B8F4-F3270D2EBBD1,"Mental Health"
553,NE,E9154968-AE5B-404D-A77F-99D55F560A11,26B38294-A10C-48DD-B823-568FF554ADD7,"Human Trafficking"
554,NE,4679FE79-27F4-4E4F-930A-9B8F7FAF8640,F953294F-C258-4D02-8DF2-281047B3EB26,Alimony
555,NE,4679FE79-27F4-4E4F-930A-9B8F7FAF8640,9525A923-45B5-4148-A9CF-3E9E1F61F868,"Workers Compensation Benefits"
556,NE,4679FE79-27F4-4E4F-930A-9B8F7FAF8640,A49A8E1E-7AC0-40E0-B359-81F1F3ED106B,"Public Assistance Benefits"
557,NE,ED255DA5-1764-47B9-BF74-9F30280153AB,31803B06-12B1-4C4C-94FE-36E4F9AFAF74,"Collection (Repossession, Delinquency, Garnishment)"
558,NE,ED255DA5-1764-47B9-BF74-9F30280153AB,E6CC4BA3-9850-42BB-AFC8-7FC23248F4C3,"Natural Disaster"
559,NE,ED255DA5-1764-47B9-BF74-9F30280153AB,14812C2D-73EA-4B1C-B325-1CEF5B4B1858,Contracts/Warranties
560,NE,ED255DA5-1764-47B9-BF74-9F30280153AB,86F9FDF2-2C91-434E-A568-1B41FCA49E03,"Bankruptcy/Debtor Relief"
561,NE,ED255DA5-1764-47B9-BF74-9F30280153AB,8FA21285-1F84-494F-AB6D-87BFA73E6B90,"2019 Flood -Consumer"
562,NE,53738842-A554-4FEA-9C62-B9DABBCE5316,524E1B51-CB49-43FE-A634-3DB1D1E5D91A,Emancipation
563,NE,53738842-A554-4FEA-9C62-B9DABBCE5316,9DB976E0-BD18-4B08-B911-CD1FCAB49337,"Juvenile Court"
564,NE,35BAA442-B50F-4119-9683-CA71083D5DE9,C1CFD61F-7281-4C04-A158-9069E75892E9,"Medicaid/Medicare/Affordable Care Act"
565,NE,35BAA442-B50F-4119-9683-CA71083D5DE9,A2385B13-5ACF-4AD8-A443-E4586A344CF6,"Health Care"
566,NH,3B7C7A0C-B0BE-4DCB-994B-1253E9C2D42F,B2D2D91B-671C-4E5B-93BA-44F53D533FC4,"Emancipation and Delinquency"
567,NH,D887C3C6-4781-4A62-9C9A-2BD0CD36C19A,A36C230B-2CD3-40D8-A44D-6D1AAC88DDC0,Other
568,NH,D887C3C6-4781-4A62-9C9A-2BD0CD36C19A,8BD28C53-5F56-42FB-A075-90B4AB94F2DA,"Criminal Record Annulment"
569,NH,D887C3C6-4781-4A62-9C9A-2BD0CD36C19A,7E6DFE2B-3020-4A0D-8A85-A2C4F6692FB1,"Personal Injury"
570,NH,7666E8BA-E909-4899-81D5-48C79ABC3900,A385B5A8-90FE-4011-AAE7-9AA2042E9AAB,"Medicaid/Medicare/Affordable Care Act"
571,NH,7666E8BA-E909-4899-81D5-48C79ABC3900,FCE62EC9-9807-4BB4-AA18-94E3ECD620AC,"Health Care"
572,NH,C7580219-30C5-43D1-A2E5-62915E7E2560,892F1287-74C1-41C7-92CF-8F4EC505900B,"Debts & Purchases"
573,NH,C7580219-30C5-43D1-A2E5-62915E7E2560,CAE90178-6786-4099-9A35-9C7EFE79DB92,"Natural Disaster"
574,NH,FB6C7BC0-EBE2-4016-9F7D-6A07D29B5CF3,397D91A9-70BE-440E-83FE-9A8ADC6B7D8B,"Housing or Property Owned"
575,NH,74CFE4DA-A64A-4E12-8256-929367EE133F,658F3737-CAA1-42D6-B881-FA956196A1DC,"Special Education"
576,NH,74CFE4DA-A64A-4E12-8256-929367EE133F,40F6D466-A8C2-4B5B-9885-98BE58711702,"School Discipline"
577,NH,2A690058-090B-493E-A937-9BB8A45E1210,FD5E774C-CD05-4F00-BD3B-B83022E6D5BA,Employment/Unemployment
578,NH,2A690058-090B-493E-A937-9BB8A45E1210,F9265FAC-97EF-4A00-B03A-550CB4359327,Taxes-IRS
579,NH,FF60A2B9-9273-407C-AB41-B08921CC9D4F,6B2F662E-3BB9-40AA-BF80-CD961BAD0269,Immigration
580,NH,FF60A2B9-9273-407C-AB41-B08921CC9D4F,7BDDE1A7-BDC9-4BD6-A035-3BC694086675,"Civil/Constitutional Rights"
581,NH,5C1C960B-B409-4189-8679-B3C03926CC2F,533CB422-D147-4A7F-BF24-AF84801B67BE,Benefits
582,NH,5C1C960B-B409-4189-8679-B3C03926CC2F,5204138B-E453-4F41-A27A-901F45A177DF,"Worker's Comp"
583,NH,0D9FA3B3-A413-417D-AF2A-E9FC2E3DCE0A,11EA69A2-D66C-4818-9149-744030D6A912,Wills/Inheritance
584,NH,0D9FA3B3-A413-417D-AF2A-E9FC2E3DCE0A,789FE53A-EC4F-4BAF-8F8E-7814D2AA8CFC,Family/Divorce/Custody
585,NJ,E7BE2437-79DD-40D3-AFE1-1C981B6FED18,EA0E7D9C-D9E3-436E-9314-E4D45730DCA2,"Personal Injury"
586,NJ,E7BE2437-79DD-40D3-AFE1-1C981B6FED18,1F8CD23E-18D3-458C-896B-19141EC83494,Expungement
587,NJ,E7BE2437-79DD-40D3-AFE1-1C981B6FED18,22588BD0-61CF-400A-99D0-29373AA893F7,Other
588,NJ,60D796CC-1995-440D-8434-54CDA6A8DDC7,705D24DD-ADE3-4AD9-AAA0-068E0BA656AF,"Civil/Constitutional Rights"
589,NJ,60D796CC-1995-440D-8434-54CDA6A8DDC7,27A0BC42-D375-4EE8-B9C6-214A8CA07BA4,Immigration
590,NJ,7F6FBB27-C444-4FD9-81F4-56B8ECDBE9A2,26DA27F7-D92B-45F9-997D-AE4230E9E7B4,"Emancipation and Delinquency"
591,NJ,13334025-BF4E-40EB-B71C-611CB4AB9D2E,21F1CF0F-AB4B-4FE2-8814-DF30CB2F1B3C,"Natural Disaster"
592,NJ,13334025-BF4E-40EB-B71C-611CB4AB9D2E,A1BF13FF-BD68-408E-82AB-E7C2576AA386,"Debts & Purchases"
593,NJ,47D05EE7-E9DE-4030-BBCA-6363C3CD8A8D,C3364F94-D619-4037-8610-43007285ADE5,Work
594,NJ,0D14D37C-A5F5-4B55-965C-A442E8C1EFC2,C3E4C5E2-0079-4A29-A18A-ABB716D2DFC0,Family/Divorce/Custody
595,NJ,0D14D37C-A5F5-4B55-965C-A442E8C1EFC2,530F7D78-4144-4DB3-892D-AEAEE1CFD71A,Wills/Inheritance
596,NJ,B705448D-983B-4CE2-AF62-ACD6B4109DC2,5183BFF9-7F96-4A8E-A529-D6FC3D468AE5,"School Discipline"
597,NJ,B705448D-983B-4CE2-AF62-ACD6B4109DC2,E462395B-DA62-448E-8558-32138568BB29,"Special Education"
598,NJ,5939AB8C-98E3-4D8D-8B3B-C8A295E5EB5B,D56236D6-4EAF-4B72-BE2D-E3F62A75E62F,"Housing or Property Owned"
599,NJ,19E72C8A-561F-4CEF-AB31-F179AE447285,BB0C85C0-F5BE-4E13-85A9-A241EE87CA19,"Health Care"
600,NJ,19E72C8A-561F-4CEF-AB31-F179AE447285,6A85F5D8-42F6-4810-9FEB-7B308CB85896,"Medicaid/Medicare/Affordable Care Act"
601,NJ,5509CA90-EF08-4FF3-AF53-F426ABD5A5E1,BD48E8C9-8CA6-4FB0-B645-6D0893ECAA40,Benefits
602,NJ,5509CA90-EF08-4FF3-AF53-F426ABD5A5E1,C18E6286-4821-4206-998D-115DCF2C4C57,"Worker's Comp"
603,NM,90A86052-77A2-4EC2-B6BB-0381BB488C5C,5A7DF405-0086-4352-A950-7AB4CE22FC86,"Worker's Comp"
604,NM,90A86052-77A2-4EC2-B6BB-0381BB488C5C,3479B27C-F10A-4B74-B5B5-7183F9E83CAB,Benefits
605,NM,183D95E5-BA1A-4ED5-9440-130178119218,6298A4BF-4918-4178-8F61-72F64BE123AB,Wills/Inheritance
606,NM,183D95E5-BA1A-4ED5-9440-130178119218,7E43DDAE-BE00-4B7B-8306-52FE056FED71,Family/Divorce/Custody
607,NM,E7FE0224-16F4-40D2-8913-3038817130DB,30B4F161-D1E4-4CDC-BF06-FF2BCF81F191,"Special Education"
608,NM,E7FE0224-16F4-40D2-8913-3038817130DB,29A95DE8-C630-4085-B6E1-E70DE832C647,"School Discipline"
609,NM,08C0B7E8-ACCC-4B69-ACC7-58E17F7DFE14,56396098-F5A1-4ABE-9D48-71E4E3BD504C,Expungement
610,NM,08C0B7E8-ACCC-4B69-ACC7-58E17F7DFE14,F5759410-88C7-4DC7-A3FF-13DAABC71A00,"Personal Injury"
611,NM,08C0B7E8-ACCC-4B69-ACC7-58E17F7DFE14,6721E9B5-097F-47A7-B909-453FF7FE9B76,"Probate, wills and estate "
612,NM,0FF1F5A9-94F0-4788-A6AA-8F9347ACDB2A,6652EB17-B662-4471-953D-52448ECA8EF8,Immigration
613,NM,0FF1F5A9-94F0-4788-A6AA-8F9347ACDB2A,00BBD0BF-85BB-43A1-9C08-0E8D04638E5E,"Civil/Constitutional Rights"
614,NM,5970632D-C1AE-478B-A621-A6155360EA5C,795C7DFD-CED7-48B2-B272-7E3AFE1C4A8B,"Medicaid/Medicare/Affordable Care Act"
615,NM,5970632D-C1AE-478B-A621-A6155360EA5C,0AC8345C-F5F6-4215-A22B-F8CF82072EFC,"Health Care or Disability"
616,NM,7760064B-91E9-43C5-B81A-B13C93FDAE8A,37E557BE-BAA1-427D-A66B-B6DAB714A9FD,"Housing or Property"
617,NM,B44E12C9-499B-4B84-AEC6-BAF5CD9EAEDF,95E2AF25-C744-45C4-A1F5-4967CD49076E,"Debts & Purchases"
618,NM,B44E12C9-499B-4B84-AEC6-BAF5CD9EAEDF,D7CC3834-39AC-4A62-85D3-D790C605EA51,"Natural Disaster, Insurance"
619,NM,400F29BE-7D7D-456C-8EE8-C693E8AA433F,15AFB7A0-03A5-4AAC-83A9-7AB7A6053BC2,"Work, Employment, or Unemployment"
620,NM,E921742A-D425-4FDC-AD93-E14A0014E9DA,FEE5285E-791E-43E5-8789-767E2488F252,"Emancipation and Delinquency"
621,NY,C6DD9040-629D-4442-AD1E-055F4508E2D5,8CD398EC-90CD-43AA-93CA-72F2BA96EE79,Other
622,NY,C6DD9040-629D-4442-AD1E-055F4508E2D5,B68EECE8-7FF4-4EFA-BF45-1BFBF0E73A64,"Estates and Probate"
623,NY,C6DD9040-629D-4442-AD1E-055F4508E2D5,BBF74BAA-FC0C-4C75-BDDF-1641B7EBF0D7,"Personal Injury"
624,NY,C6DD9040-629D-4442-AD1E-055F4508E2D5,1C241FE6-B310-48FC-B706-F7E9F7CE4ACE,Expungement
625,NY,3F7360BD-9353-4150-91B0-0667C7187287,69F7ECDC-D457-47E5-AEAE-5FDE43C713D7,"Emancipation and Delinquency"
626,NY,A532F931-6998-419F-9A72-26C4180FB625,90C74F80-23E7-4C52-89A2-80C340C917B6,"Tenant's Rights"
627,NY,A532F931-6998-419F-9A72-26C4180FB625,A978E095-B04E-4E9B-AE64-39A2A88DAC9D,"Hurricane Ida - Housing"
628,NY,A532F931-6998-419F-9A72-26C4180FB625,EDC06A32-154C-410E-83B2-A78278076318,"Housing or Property Owned"
629,NY,768E4A21-C64B-43E9-AA49-27552A535965,F85CB15C-4A51-4F53-8688-C7C172986AA6,Benefits
630,NY,768E4A21-C64B-43E9-AA49-27552A535965,04CEB196-D821-4251-BA9A-7FEC25144939,"Worker's Comp"
631,NY,B241FE83-A045-47AA-AEE9-6C9325755BA4,91634BB0-59EC-452F-89D5-599AB966B706,"School Discipline"
632,NY,B241FE83-A045-47AA-AEE9-6C9325755BA4,CAA4761E-00DC-40A9-A6B9-B5A2783B97AD,"Special Education"
633,NY,79CADED6-A32E-468A-9359-93611E0F6BE4,740D1022-B7FB-45B1-B404-3867108BF499,Wills/Inheritance
634,NY,79CADED6-A32E-468A-9359-93611E0F6BE4,E8DB7B2A-3E04-4AFD-8B78-B805F0E1D5E7,Family/Divorce/Custody
635,NY,79CADED6-A32E-468A-9359-93611E0F6BE4,785BD3F4-B9DB-432D-A9D2-2DCDA56D8099,"Hurricane Ida - Family/Children"
636,NY,0400294A-D08E-437F-8577-A7A0B9D254A0,A27515E5-3789-4A9A-9A31-64293F0A3A2E,"Bankruptcy "
637,NY,0400294A-D08E-437F-8577-A7A0B9D254A0,0903C35D-D60F-4EA1-8BAB-832717862D92,"Hurricane Ida - Consumer Rights"
638,NY,0400294A-D08E-437F-8577-A7A0B9D254A0,C37D45BD-2BBD-42DA-A752-433DEA891074,"Debts & Purchases"
639,NY,0400294A-D08E-437F-8577-A7A0B9D254A0,2E74568F-DC7D-4078-9421-1E88C461F929,"Natural Disaster"
640,NY,A4F8CBB7-AE01-45CE-AE8C-A853B2F94290,8E270FD2-7D5A-4171-A6EA-0A3048CEE6EB,"Civil/Constitutional Rights"
641,NY,A4F8CBB7-AE01-45CE-AE8C-A853B2F94290,29D7AC91-1E66-4949-89B5-B18E994BE7D9,Immigration
642,NY,F5E9190D-85B6-4E19-9B1A-D0496B78CF5B,9FA29D9E-8929-42F8-9C87-5D3F325C1AF4,"Medicaid/Medicare/Affordable Care Act"
643,NY,F5E9190D-85B6-4E19-9B1A-D0496B78CF5B,71855790-93B7-4310-B098-6A75231F5DEC,"Health Care"
644,NY,62F0649B-48FC-4C1D-A5CD-D27FCE24E0B7,D0992E33-6B30-41D9-8522-4B7F821B2F35,"COVID-19 Unemployment and work"
645,OK,715013E5-7277-4121-A46B-05A61FD3689E,63DA6DCB-1392-4784-9BA4-FA9932FFA4CA,"Debts & Purchases"
646,OK,715013E5-7277-4121-A46B-05A61FD3689E,C9B8033A-3E35-4E5C-9212-E8AB4BA27452,"Natural Disaster"
647,OK,715013E5-7277-4121-A46B-05A61FD3689E,B30BD6E4-AB1C-4B90-9369-D848CFF0AC57,"Contracts & Breach"
648,OK,715013E5-7277-4121-A46B-05A61FD3689E,75111C29-EF60-480B-9D8F-17FE524B785D,Bankruptcy
649,OK,715013E5-7277-4121-A46B-05A61FD3689E,6D4BF6E0-4908-43DB-ADCE-73D360A1005C,Insurance
650,OK,715013E5-7277-4121-A46B-05A61FD3689E,6A1E6963-7330-4549-85F7-1B43CFB03EA9,"Repossession of Property"
651,OK,FF75C231-326E-46DA-856E-268845DA56F2,B853C36A-7940-49CF-AB36-FF9A4CC7986F,"Property Damages"
652,OK,FF75C231-326E-46DA-856E-268845DA56F2,135016ED-D24B-49DB-8CEA-7F02B6E1B90B,Immigration
653,OK,FF75C231-326E-46DA-856E-268845DA56F2,80AA5E20-874D-4FD1-A656-8385FB186CCC,"Civil/Constitutional Rights/Due Process"
654,OK,9C228814-8543-48A7-A9AB-296526095D88,FFA4C3CA-0541-4AE6-8A99-1DC25D2E94F2,Family/Divorce/Custody
655,OK,9C228814-8543-48A7-A9AB-296526095D88,903535B1-338D-4942-B68A-E4483148FD02,Wills/Inheritance
656,OK,9C228814-8543-48A7-A9AB-296526095D88,6FEF3520-D58E-41C2-B1C4-B9B29DFBC033,"DHS Family Involvement"
657,OK,9C228814-8543-48A7-A9AB-296526095D88,9DF4B369-114B-43EC-8855-F64DD0BE3F15,Guardianship
658,OK,37D13A25-F889-491F-85F6-394199934C6F,4DC38305-B29D-42C0-81CC-96E74D6176FC,"Special Education"
659,OK,37D13A25-F889-491F-85F6-394199934C6F,C0DF6582-EB2C-4411-8994-F12B20A30359,"School Discipline"
660,OK,F83921B2-AC45-4A99-9CBE-46701EA140FA,0F0B8317-99D9-4F07-85E3-550033C09CF5,Expungement
661,OK,F83921B2-AC45-4A99-9CBE-46701EA140FA,C1422050-9E06-4E87-AAE3-6CA8BE26C5AE,"Personal Injury"
662,OK,F83921B2-AC45-4A99-9CBE-46701EA140FA,8CEE8D4B-9015-4563-8BBD-89ABA61BC032,Other
663,OK,A75434B7-85B9-4D51-BB21-59D4344D56F6,4FDB6014-FACC-48AD-BF95-1A589795AF28,"Emancipation and Delinquency"
664,OK,5D7C6BDF-C628-45E4-BBC7-775FBC371823,C5CEDDCA-52A8-40A3-BBA2-5EDE6751187E,"Discrimination/Wrongful Termination"
665,OK,5D7C6BDF-C628-45E4-BBC7-775FBC371823,1137C8BC-B7B4-4DE8-9F30-4E96E5733979,"Employment/Labor Law"
666,OK,5D7C6BDF-C628-45E4-BBC7-775FBC371823,CF915733-0E30-48C6-9C8E-769CDC0E6003,Unemployment
667,OK,089D9494-CE87-4754-80EC-9812D3925A18,4E2F0B65-A15C-4C55-BCE1-5B4A9483E0CB,"Worker's Comp"
668,OK,089D9494-CE87-4754-80EC-9812D3925A18,0CC3BD40-5FF9-4F59-8692-E6BFB103A04E,Benefits
669,OK,089D9494-CE87-4754-80EC-9812D3925A18,B1D32EFB-334C-47C6-8349-DE1614E537F5,"Professional or Technical Licensure"
670,OK,F8EBFBFF-1128-482F-AF89-B5BA339027B8,8EEEDB7D-B15B-4FC9-B318-0AB8A9822F84,"Health Care - Other"
671,OK,F8EBFBFF-1128-482F-AF89-B5BA339027B8,1DF3A388-F9FA-49B1-A5D9-36AE07E60C9B,"Medicaid/Medicare/Affordable Care Act"
672,OK,B74FA524-B984-4A73-B29F-C652036EDC5C,5CEDA21F-1AB9-4ECC-8A50-E4F8CE08B04B,"Housing or Property"
673,OK,B74FA524-B984-4A73-B29F-C652036EDC5C,032CA2D3-1561-40D3-802B-9648A311438D,Landlord/Tenant
674,PA,029E5ABF-1A92-40A2-96EC-0F4B15DC9258,7B795DB7-635C-44CE-95F6-C948088E1D35,"Housing or Property Owned"
675,PA,1AC25273-8861-49E7-BC93-26AFE506F9DC,DB1E5FE3-AAB3-49AB-9C54-F57530AFA99F,"Debts & Purchases"
676,PA,1AC25273-8861-49E7-BC93-26AFE506F9DC,2CF415DA-01F0-441A-A95C-BF733D3AF51D,"Natural Disaster"
677,PA,52421FA5-16CC-4EAE-87CD-631D3239F4BB,B93CB630-A6A1-4AD6-8E8C-CACBC2E24E5B,Family/Divorce/Custody
678,PA,52421FA5-16CC-4EAE-87CD-631D3239F4BB,3414F874-1A6F-48CF-8948-5257EC314267,Wills/Inheritance
679,PA,7A21500A-0272-4FBB-82E0-6C51BD29A75A,0D78672A-9B44-4C69-B136-39B605898F3A,Work
680,PA,89D33166-9BA7-40E3-8189-6FFB9121961E,AF4F4F4D-CDFB-4639-9FA5-7C5768BBEE92,"Emancipation and Delinquency"
681,PA,383038A2-08EA-4602-96C5-C3E20408E54E,D130F19B-E0FB-41A7-9B2D-10557A737552,"School Discipline"
682,PA,383038A2-08EA-4602-96C5-C3E20408E54E,93BC0E73-E5A6-480C-8815-FFE570464440,"Special Education"
683,PA,1F81177B-2DD8-4432-ADC3-CA3198F56525,EC76ED7F-A4C6-4861-8481-F70EF172E5C1,"Worker's Comp"
684,PA,1F81177B-2DD8-4432-ADC3-CA3198F56525,653A3036-93E5-4C28-9116-76168D8724DA,Benefits
685,PA,A8D05A29-BD73-42B1-857D-CA319AAEC169,C1C760B0-EFCB-4AFA-BAD9-9C293481FD2A,"Personal Injury"
686,PA,A8D05A29-BD73-42B1-857D-CA319AAEC169,F6D09359-AE99-4B4F-930F-A5A685B49366,Expungement
687,PA,A8D05A29-BD73-42B1-857D-CA319AAEC169,61599364-6C59-4F4A-AE39-8554FD2BED13,Other
688,PA,DCCFEEE0-CFD8-4FF5-BDB1-CA86C557D465,3BE49A4C-4B05-4CA7-B73E-56FE42C1C88C,"Medicaid/Medicare/Affordable Care Act"
689,PA,DCCFEEE0-CFD8-4FF5-BDB1-CA86C557D465,E6DED424-70B8-4717-A599-1727D1ADC978,"Health Care"
690,PA,9CA5605A-12EB-493D-9469-E7D2DCFFA564,628D31BB-756D-4983-AA4A-725867F83A9A,"Civil/Constitutional Rights"
691,PA,9CA5605A-12EB-493D-9469-E7D2DCFFA564,A916C112-B415-49F8-89F1-6EB5BD2CAD28,Immigration
692,SC,CE419457-844B-4BAE-BC4E-0F26635A08F9,454918B9-FEB0-40DF-B55F-023FF35AC361,"COVID 19 - Family"
693,SC,CE419457-844B-4BAE-BC4E-0F26635A08F9,F8A032CD-469E-4D51-BF83-29D07C6E891C,"Family Law Questions"
694,SC,217676B9-A87C-457E-913C-11ED559BF057,3502F990-0939-4403-9CBE-911CE462A004,School/Juvenile
695,SC,217676B9-A87C-457E-913C-11ED559BF057,862E869E-7B58-46C3-B5B8-4AF1D6CCEE24,"COVID 19 - School"
696,SC,20D0EB0C-3A9B-4866-A6F1-136470B61F5B,5560DCF2-2023-4FF1-B158-190BE5D6FB03,"COVID 19 - Landlord/Tenant"
697,SC,20D0EB0C-3A9B-4866-A6F1-136470B61F5B,F2733A74-7372-4473-9A0B-76A6B238E2FF,"COVID 19 - Other Housing"
698,SC,20D0EB0C-3A9B-4866-A6F1-136470B61F5B,10107D04-DE50-4943-A782-EABC3D0CC041,Housing
699,SC,20D0EB0C-3A9B-4866-A6F1-136470B61F5B,BE4B6E23-CB43-4B14-8A08-83C1D91738E1,"Landlord Tenant"
700,SC,0CFCDF6D-3D36-43D0-B97F-56BF071982CE,2D6C7FCD-5C97-4452-A53A-E3B71C0A8F1F,Immigration/Citizenship
701,SC,33BB083D-2DD1-48E9-8CD1-69FB0523C24B,0DF9978C-9B8F-4D5E-8DD7-5E2560FA79D4,"Health Care"
702,SC,33BB083D-2DD1-48E9-8CD1-69FB0523C24B,F5C187C9-F473-46C3-A920-61F24A1DFF7E,"COVID 19 - Healthcare"
703,SC,2D9C7994-7716-47A4-AEEA-A07F8002D224,936833F5-E128-4D78-A6DE-BC13A6C1394A,"COVID 19 - Other"
704,SC,2D9C7994-7716-47A4-AEEA-A07F8002D224,B6F4DB17-E54E-41F5-950A-9B1E1CDD80D9,"Hurricane Florence - Lost Documents"
705,SC,2D9C7994-7716-47A4-AEEA-A07F8002D224,0270013B-8C08-4086-B108-F0302B61EAE5,Probate
706,SC,2D9C7994-7716-47A4-AEEA-A07F8002D224,31281FD8-455F-4258-953B-6B0714E7B9D0,"Other - Non-criminal"
707,SC,2D9C7994-7716-47A4-AEEA-A07F8002D224,FCE39361-B4B5-46CB-B9CA-8F3169A730F6,"COVID 19 - Probate"
708,SC,DA71C10A-A644-48C1-B756-AF653AF77624,D217BE35-AFA9-4385-AC49-F8B032D8C9B2,Benefits
709,SC,DA71C10A-A644-48C1-B756-AF653AF77624,4E9E2396-3FB9-4790-AF8E-EEBC91D60FEB,"COVID 19 - Benefits"
710,SC,B438E334-95C3-4161-ABAF-C61670E7EAF2,9C24B82B-3039-4CAA-ACF6-EA886C4BFECE,"COVID 19 - Work, Employment and Unemployment"
711,SC,B438E334-95C3-4161-ABAF-C61670E7EAF2,39E71275-BE22-4678-93A3-5E6360DF96B5,Work
712,SC,2E7A0B86-A447-4177-BAE9-C61EBB47CA3D,0DA2528F-2283-4FF3-BBF6-72C648D7FD8F,Bankruptcy
713,SC,2E7A0B86-A447-4177-BAE9-C61EBB47CA3D,7D3110C6-5993-44E8-8BB2-8F74CD74963E,Consumer
714,SC,2E7A0B86-A447-4177-BAE9-C61EBB47CA3D,2C94BE94-C791-4F78-B7DE-62D838C748E5,"COVID 19 - Insurance"
715,SC,2E7A0B86-A447-4177-BAE9-C61EBB47CA3D,FFEB3C94-91C7-4046-B284-2751B8086FD2,"COVID 19 - Bankruptcy"
716,SD,42AA4A1A-313A-4D3A-8BB2-1728A6EF0097,15A2B3A6-7A39-4CB6-BA2F-D5B7A355E6E3,Expungement
717,SD,42AA4A1A-313A-4D3A-8BB2-1728A6EF0097,EC89D40E-8F2D-443F-A1E2-8B4276E9E5D3,"Personal Injury"
718,SD,42AA4A1A-313A-4D3A-8BB2-1728A6EF0097,A6673C98-6317-4355-ABA2-2A4E362D0182,Other
719,SD,A50D5CEA-46B1-4929-A79A-17E1858568C8,4FA93DBA-7ECE-4991-AFC0-DC0BC718A413,"Worker's Comp"
720,SD,A50D5CEA-46B1-4929-A79A-17E1858568C8,EF641EB2-1CAC-4B49-95A2-008BEED8C3A2,Benefits
721,SD,9E4A0789-E998-4A9A-96AD-42FFA1F036E8,518A8907-F37B-472B-A6F3-DAD506690A86,Immigration
722,SD,9E4A0789-E998-4A9A-96AD-42FFA1F036E8,D54026D1-B4AD-40D4-83E6-723B9AF5595F,"Civil/Constitutional Rights"
723,SD,FAB39449-CECA-49F1-B27B-65B56B5D7109,373841F2-3FA0-4793-B73B-7D8B6F008A46,"Medicaid/Medicare/Affordable Care Act"
724,SD,FAB39449-CECA-49F1-B27B-65B56B5D7109,A23877D2-AA47-4162-A0B6-5E6C42313C08,"Health Care"
725,SD,540FC2FD-DF10-42B9-B292-8C6B8B19F280,C563C39C-E728-4E16-9C27-F4A1414D140B,Work
726,SD,2ABDE35D-B17E-4C0E-92DA-DB7326CFDC85,77405580-88C1-41F9-8B72-886041AF0ADC,"Emancipation and Delinquency"
727,SD,1DF37DB6-EAA3-4A65-A55A-E1123F216FED,C7F6225B-B0E3-4C7A-B6BC-69A1DB91F8B9,"Housing or Property Owned"
728,SD,468DB47C-3984-4C10-B1E6-E87C3D7DEAB9,9A11135B-FBA9-4522-A908-F86E6281ADBD,"School Discipline"
729,SD,468DB47C-3984-4C10-B1E6-E87C3D7DEAB9,6B674551-9A4C-45D4-AB46-65B17727A7C3,"Special Education"
730,SD,0326D0A1-1EA2-47C7-8A29-F4ED057C70CE,830AB27C-7340-4A8E-A0F7-9956D703980B,Family/Divorce/Custody
731,SD,0326D0A1-1EA2-47C7-8A29-F4ED057C70CE,2E1D9FC3-51BB-4B61-891C-6C5A35A7AA2D,Wills/Inheritance
732,SD,DEDA77CF-C418-4BCB-A73D-F57240C23B09,197574F9-B5E7-4E29-8D81-CD9D499238BC,"Debts & Purchases"
733,SD,DEDA77CF-C418-4BCB-A73D-F57240C23B09,A82C0161-1F79-44DF-9FCA-2925A847AB25,"Natural Disaster"
734,TN,F641DC24-FCC5-4449-936A-0B1FDA0064CC,EAD9C1E6-EF79-4820-BF67-1077B0D995D8,"Medicaid/Medicare/Affordable Care Act"
735,TN,F641DC24-FCC5-4449-936A-0B1FDA0064CC,A8C83B2E-113C-423B-BCCC-3F5CB1A72DC3,"Health Care"
736,TN,7B130405-4B20-4B86-9BD6-11359CB97E99,5D8BB6AA-7CF6-45B1-91C3-F251B0050121,"Emancipation and Delinquency"
737,TN,86EBA4F2-E73D-4118-89A4-2EA4672319F4,D6B823A5-54E3-4D37-BD91-86F38B786D66,"Special Education"
738,TN,86EBA4F2-E73D-4118-89A4-2EA4672319F4,49CF143F-187B-420D-93C2-DF9759E74354,"School Discipline"
739,TN,92774930-FAB4-44AA-BD5B-464E1CF79BB1,5F571268-0519-4635-921E-2F62BC3E2392,Work
740,TN,1AD00E83-66A8-476A-AFD2-540BB0912BAE,FEC562DC-A2DD-4C27-BA1D-886558FBB1F5,"Debts & Purchases"
741,TN,1AD00E83-66A8-476A-AFD2-540BB0912BAE,B6364F29-6D0A-4277-948F-47D90AE992F3,"Natural Disaster/East TN Fires"
742,TN,82237E76-8369-40D9-B649-C7B506FED1C5,ED1335C0-5FCA-457C-BB3E-9E094DEA4E33,Family/Divorce/Custody
743,TN,82237E76-8369-40D9-B649-C7B506FED1C5,5933435A-AF79-4A1D-9D9B-A5346863AA9F,"Wills/Inheriting Property"
744,TN,C1C1D239-8EAA-4FB0-975C-DFD6F335DE04,EF7B6FD0-6E5F-415C-8305-82D746238043,"Personal Injury"
745,TN,C1C1D239-8EAA-4FB0-975C-DFD6F335DE04,92892871-ED9B-4D89-AECA-3CA46DB68BEA,Expungement
746,TN,C1C1D239-8EAA-4FB0-975C-DFD6F335DE04,4F951C7C-0ED9-4424-986A-2BA4889D36D1,Other
747,TN,C1C1D239-8EAA-4FB0-975C-DFD6F335DE04,81AD8AF9-681A-40EB-9C23-DBD3CEC5DB8B,Seniors
748,TN,C1C1D239-8EAA-4FB0-975C-DFD6F335DE04,E1BFAEBB-5077-476C-8217-A2F0529FA02D,"Inheriting Property"
749,TN,C1C1D239-8EAA-4FB0-975C-DFD6F335DE04,99F4A5BA-5A85-4B3B-9930-AC97402C6F52,"General Civil Procedure"
750,TN,C1C1D239-8EAA-4FB0-975C-DFD6F335DE04,B8232C7A-25DD-4369-8F09-538FC838E1C3,Criminal
751,TN,C1C1D239-8EAA-4FB0-975C-DFD6F335DE04,B5659E3E-3539-4B32-934D-0A44190A15D8,"Middle TN Tornado Recovery"
752,TN,C1C1D239-8EAA-4FB0-975C-DFD6F335DE04,8D80472F-0452-4B4A-BDF4-CB48A2665226,"Veterans Issues"
753,TN,4A7543E4-E1AA-4B1A-AF87-E44CB7C449E5,1877CB6C-8CEE-4ACA-8253-FC6029A882DB,"Worker's Comp"
754,TN,4A7543E4-E1AA-4B1A-AF87-E44CB7C449E5,A2BBF7D8-02BD-4BF9-ADDE-DCEB564E18E3,Benefits
755,TN,0DC6896B-371E-410B-B0E0-EE2F87803552,CC3AB4F2-09B8-427A-A9F4-B5054F7EE900,"Housing or Property Owned"
756,TN,00235B20-0DD4-4664-920F-F684842409BE,6D781146-6256-44B5-B784-6BA695F59D5E,"Civil/Constitutional Rights"
757,TN,00235B20-0DD4-4664-920F-F684842409BE,E7AFE12F-7523-47B6-B246-EA86D807C171,Immigration
758,TX,FC77AE6C-2DEC-40FE-AF42-2EB7880F980D,4F601527-235D-441C-9DD4-A6C7D4A47B92,"Disability Rights"
759,TX,FC77AE6C-2DEC-40FE-AF42-2EB7880F980D,6A1E4732-1607-413A-A8BF-5D9878F41E32,"Health Care"
760,TX,00951395-3B9F-4042-9D2C-47919CC31D60,E3AE39AE-95F4-40E5-AF53-EB710898C20E,"Special Education"
761,TX,A0D99ABA-B3D1-47E5-BEEF-5A7AF248E635,C9543300-1AA7-420A-A831-30EEA119D26D,Landlord/Tenant
762,TX,A0D99ABA-B3D1-47E5-BEEF-5A7AF248E635,3BC72D61-8C27-4C6A-A755-BCC7C685BE90,Housing
763,TX,94B255C0-D93C-431A-9856-AB526A9FBA62,5670449A-D1B9-4C97-83B5-6D4979BF23BA,"LGBT Issues"
764,TX,94B255C0-D93C-431A-9856-AB526A9FBA62,55AE2488-E1DB-46F4-AB15-D8BF5C328AAC,Immigration
765,TX,94B255C0-D93C-431A-9856-AB526A9FBA62,26E791A9-97D6-436E-9F67-E51B22AB7628,"Constitutional/Civil Rights"
766,TX,7C8440D2-577D-4CB4-BF62-CE305536A3DB,5ED189DC-03F1-4452-B148-2C381BFCB305,"Expunction/Expungement & Nondisclosure"
767,TX,7C8440D2-577D-4CB4-BF62-CE305536A3DB,20C69E3B-7454-4B1C-992B-B4EBF4420B85,"Personal Injury"
768,TX,7C8440D2-577D-4CB4-BF62-CE305536A3DB,78ACE6E8-87D2-4F18-BBDE-9C3F6DA3946A,"Probate/Wills/Estate Planning"
769,TX,7C8440D2-577D-4CB4-BF62-CE305536A3DB,49F13E4A-F383-4F88-9983-1FBE5810D34C,Business
770,TX,7C8440D2-577D-4CB4-BF62-CE305536A3DB,F7F6A60A-968E-4879-BBB8-38FA5EF3A5E6,"Real Estate"
771,TX,7C8440D2-577D-4CB4-BF62-CE305536A3DB,A935BC7F-BBC3-488B-9137-F5841F613CBD,"To Be Closed"
772,TX,7C8440D2-577D-4CB4-BF62-CE305536A3DB,ABD919AA-962A-4229-9AC1-E1CF6847EDD2,Criminal
773,TX,7C8440D2-577D-4CB4-BF62-CE305536A3DB,8180B88A-A7A8-463D-9C1F-13D2609B651F,Taxes
774,TX,7C8440D2-577D-4CB4-BF62-CE305536A3DB,6F55C8F9-11CE-4C21-82C3-ED669BF98E42,Insurance
775,TX,7C8440D2-577D-4CB4-BF62-CE305536A3DB,B3F8346F-1E25-4711-BDEA-B1DA597783E4,"Animal Law"
776,TX,7C8440D2-577D-4CB4-BF62-CE305536A3DB,FB635F55-D36E-463E-A0C1-80A8F2DF2228,Licenses
777,TX,7C8440D2-577D-4CB4-BF62-CE305536A3DB,C5AA1BB1-957A-4EFE-A179-78DA482636F2,Military/Veteran
778,TX,7C8440D2-577D-4CB4-BF62-CE305536A3DB,CCFF3939-2D9B-4751-B1AE-4BEEF3213F5B,Guardianship
779,TX,7C8440D2-577D-4CB4-BF62-CE305536A3DB,E0C7B90E-342C-4600-8D47-47D40376012A,Other
780,TX,4E665F70-4B00-487D-A406-D01109A1ACD5,571B0433-9E32-4681-AB71-241537DB3D29,"Emancipation and Delinquency"
781,TX,4E665F70-4B00-487D-A406-D01109A1ACD5,242A7CB2-A463-45FE-A9DB-803CBE24C18B,Juvenile
782,TX,88B66156-AC06-4877-B2BD-D5909C21483D,B02A95D8-DC35-4179-8DDC-FBB2DA7E259B,Employment
783,TX,B75D4C9D-5440-4141-AD6F-E4F03FF8ADA4,5C211910-D81D-4645-8D74-9E6348DD5B99,"Workers' Comp"
784,TX,B75D4C9D-5440-4141-AD6F-E4F03FF8ADA4,248BC626-1C1B-4F9C-B5B8-FEBC4E9FB885,Benefits
785,TX,FA45ADC5-94B4-4597-B167-E715EC0E47E2,159C4A6E-BAEE-4B08-8F9E-7CEA3BC6B0DF,Bankruptcy
786,TX,FA45ADC5-94B4-4597-B167-E715EC0E47E2,29088F1C-4BD4-4C1C-80F1-23A61334D7F0,"Natural Disaster"
787,TX,FA45ADC5-94B4-4597-B167-E715EC0E47E2,62831A7F-DB75-401B-9676-C0BD6E504E43,Consumer/Debt
788,TX,CD9242A3-3478-4311-A951-F42ECB1D978D,6F5EC549-94B8-432E-8314-9945A43B64D7,"Domestic Violence"
789,TX,CD9242A3-3478-4311-A951-F42ECB1D978D,0058D8C8-7E5B-4123-A8CB-E4F2B19C4F67,Family/Divorce/Custody/Adoption
790,US,B1817DFA-9BA0-4FD7-9973-3E029D472DA7,B9344863-3844-4E00-8902-6F9B8E5A1138,"Immigration - Deportation/Removal Proceedings"
791,US,B1817DFA-9BA0-4FD7-9973-3E029D472DA7,083752A7-9759-4A40-9757-73651486101D,"Veterans - VA Disability Benefits "
792,US,B1817DFA-9BA0-4FD7-9973-3E029D472DA7,44E47A11-632A-4D2E-8B27-A68FF1E9DF25,"Veterans - VA Pension"
793,US,B1817DFA-9BA0-4FD7-9973-3E029D472DA7,2AE3381D-7D34-42CF-9CAB-A5BF8EFFBC40,"Veterans - Other VA Benefits (Survivor's Benefits, Death Benefits, etc.)"
794,US,B1817DFA-9BA0-4FD7-9973-3E029D472DA7,E4B0B012-37DC-40B9-BBCE-1B8B66A86A3B,"Veterans - Military Retirement "
795,US,B1817DFA-9BA0-4FD7-9973-3E029D472DA7,64F4F157-558E-43A8-8E13-9F4246762666,"Veterans - VA Overpayments "
796,US,B1817DFA-9BA0-4FD7-9973-3E029D472DA7,8E0AD9E1-1E94-45CB-B189-7F7B75929C04,"Veterans - Discharge Upgrade"
797,US,B1817DFA-9BA0-4FD7-9973-3E029D472DA7,524A9448-ACBA-409C-9C7C-66AC06039DF1,"Veterans - Military Records (correcting or ordering) "
798,US,B1817DFA-9BA0-4FD7-9973-3E029D472DA7,3D012230-FB25-4AC1-A58F-7944CDE32575,"Veterans - Other "
799,US,B1817DFA-9BA0-4FD7-9973-3E029D472DA7,4422AB63-18F6-44AF-86D8-DC3ABDF17723,"Immigration - Asylum"
800,US,B1817DFA-9BA0-4FD7-9973-3E029D472DA7,A415FB6E-8C15-4AE5-8777-6489A8E36C82,"Immigration - Green Cards - Marriage/Family Based"
801,US,B1817DFA-9BA0-4FD7-9973-3E029D472DA7,C40DD298-4085-429D-8902-D4BEFB0E51E0,"Immigration - Green Cards - Employment Based"
802,US,B1817DFA-9BA0-4FD7-9973-3E029D472DA7,7312A54F-0B73-49B4-9CA5-BE865A08AD38,"Immigration - Children's cases"
803,US,B1817DFA-9BA0-4FD7-9973-3E029D472DA7,EF1B9419-6881-41FD-B2C9-59B289B608A0,"Immigration - DACA"
804,US,B1817DFA-9BA0-4FD7-9973-3E029D472DA7,25E7C027-14BB-4277-A7AC-352C0E9E449B,"Immigration - Green Cards - DV Lottery & Other"
805,US,B1817DFA-9BA0-4FD7-9973-3E029D472DA7,3ABFB201-B3B5-46A2-B358-75AEFDF0D748,"Immigration - Work Permits"
806,US,B1817DFA-9BA0-4FD7-9973-3E029D472DA7,5F2CB329-2196-4198-9F34-75EF7E62A9EB,"Immigration - Other"
807,US,B1817DFA-9BA0-4FD7-9973-3E029D472DA7,959BCC4D-33E1-4156-B08F-5FCCE1D40733,"Immigration - TPS"
808,US,B1817DFA-9BA0-4FD7-9973-3E029D472DA7,51E3D4FC-3410-4DE2-A909-1DF60CD6F8CF,"Immigration - Impact of Criminal Record"
809,US,B1817DFA-9BA0-4FD7-9973-3E029D472DA7,34FF6BF9-C039-4D4B-B995-DB8734ECC8EB,"Immigration - Student and other visas"
810,US,B1817DFA-9BA0-4FD7-9973-3E029D472DA7,C52F263E-CBEB-4C44-ACF9-4EC80B742663,"Immigration - Battered/abused spouses"
811,US,B1817DFA-9BA0-4FD7-9973-3E029D472DA7,069D17E3-7514-451C-9C8F-FAC6B1096308,"Immigration - Naturalization/Citizenship"
812,UT,2EF18882-9955-43A7-9465-304461696190,79F3DC22-177D-4DC3-A5CA-60ACB384A8CD,Immigration
813,UT,2EF18882-9955-43A7-9465-304461696190,E4D46EF0-0512-47F0-B1DC-E6C67417F000,"Civil/Constitutional Rights"
814,UT,F505C96F-B0C6-43F8-A8F7-58CE0E116B6E,DC1ADB97-9BD0-4D9B-88A3-C3E7CA2A7400,"School Discipline"
815,UT,F505C96F-B0C6-43F8-A8F7-58CE0E116B6E,B545C771-E077-4A5C-9E5A-C03A67A551B0,"Special Education"
816,UT,55739525-2665-43A6-9242-6A036EE81E55,796DFA43-55B0-48FA-8204-7B00135305DC,"Housing or Property Owned"
817,UT,EA0B2CBA-60C0-40E3-B612-7C697D9B79C9,91B435EC-BA3E-4828-BEDF-1331A6FE7B7C,Work
818,UT,B4FA50DD-8B47-4BD9-8F78-91E2AF96A31D,36B0C08A-A0C9-4FA3-A9E1-C592E77000B6,Expungement
819,UT,B4FA50DD-8B47-4BD9-8F78-91E2AF96A31D,4797783C-0159-486A-943C-1F726A7C567D,"Personal Injury"
820,UT,B4FA50DD-8B47-4BD9-8F78-91E2AF96A31D,290A8D28-2BB6-499F-ACD2-4C3F284587D2,Other
821,UT,B4FA50DD-8B47-4BD9-8F78-91E2AF96A31D,13359132-12A3-446C-8EFE-E6692A7BB338,"Intellectual Property"
822,UT,B4FA50DD-8B47-4BD9-8F78-91E2AF96A31D,9943B7A1-A77F-4EF3-861B-D7C1BD1CA0AB,Business/Contracts
823,UT,396CC67F-24C1-4D03-A886-95B864AC239A,18F3B7FD-1B50-413A-91C4-A892459D022B,"Worker's Comp"
824,UT,396CC67F-24C1-4D03-A886-95B864AC239A,87946D71-2DB3-4751-858E-80288329D128,Benefits
825,UT,CFFF9E05-FE65-4157-B225-C6A32A379257,5BBB4114-A3C9-4ADB-BDEE-04DC6736A52A,"Health Care"
826,UT,CFFF9E05-FE65-4157-B225-C6A32A379257,FE9EED6B-BBD4-496E-A959-A97883689D81,"Medicaid/Medicare/Affordable Care Act"
827,UT,C955358F-23B0-4BCF-948D-C7AE744536DE,F12FBF0E-0175-4039-89DD-2BC4BBAFD8ED,"Natural Disaster"
828,UT,C955358F-23B0-4BCF-948D-C7AE744536DE,853609D4-68B8-4C13-A9CD-50562473A304,"Debts & Purchases"
829,UT,39A338D3-FE08-4A0B-90FA-CEC4DBB2C64F,178DFF3C-856C-4100-B819-9659C3ECFC4E,Family/Divorce/Custody
830,UT,39A338D3-FE08-4A0B-90FA-CEC4DBB2C64F,6F98EDAD-010E-4CDD-AD5E-BD57E526E01C,Wills/Inheritance
831,UT,6CAB705F-3723-4357-94AA-F6366505ECE5,7DDC3FD4-31DE-407A-95B6-1BD8E73AE7DA,"Emancipation and Delinquency"
832,VA,D17992FF-A481-4E3A-ABE3-067C936732AE,C225A54F-E6DE-439F-9970-9F6002ED3884,"Civil/Constitutional Rights"
833,VA,D17992FF-A481-4E3A-ABE3-067C936732AE,591C3AB8-216A-4BE2-BE5B-5E1C58E0E726,Immigration
834,VA,E6BE3E50-12F4-4F70-B297-0CB6BE93A928,CF72BA3E-76E5-4830-A54C-2C7E4F46FE5A,Work
835,VA,BB6A1FA8-3665-4CB5-B944-454BE25EA7D9,0F2C6F05-45F7-475E-A4F0-64E22F04360A,"Health Care"
836,VA,BB6A1FA8-3665-4CB5-B944-454BE25EA7D9,5F0DEA78-2778-47AD-8570-43A5DAC05D65,"Medicaid/Medicare/Affordable Care Act"
837,VA,D3C9F671-CFFB-43A4-8252-456BDBB6E211,2288CD8D-83BA-4CA6-8B9D-C32F0D7EF363,"Emancipation and Delinquency"
838,VA,7332FD00-77E5-40E3-83DB-9FA4BB025D87,80A81832-AEA0-42ED-BB6F-1530E1A14B8C,"Natural Disaster - Housing"
839,VA,7332FD00-77E5-40E3-83DB-9FA4BB025D87,216AA505-1C74-486D-BD3A-0DE059BBD9C0,"Housing or Property Owned"
840,VA,BC63AC2A-29F7-44E1-AFEB-D2C225386DBB,83A8EEB4-1A7E-478F-B3EA-95DE519EE629,Family/Divorce/Custody
841,VA,BC63AC2A-29F7-44E1-AFEB-D2C225386DBB,0AE00352-AA39-40E1-BB89-83A4F24D9C1A,Wills/Inheritance
842,VA,40810362-040E-4B51-B77A-D5967FA1729B,4EF4042A-B794-4354-A11F-2666EEE1D2A4,"Debts & Purchases"
843,VA,40810362-040E-4B51-B77A-D5967FA1729B,DB5B2505-413B-4104-B906-3777D33B54D1,"Natural Disaster"
844,VA,40810362-040E-4B51-B77A-D5967FA1729B,1F207DB2-04B8-49A4-BF83-39097068C4A1,"Natural Disaster - Debts & Purchases"
845,VA,E30E5AEE-41DB-440F-9F96-DFE3BAEB5267,D60B772B-9639-4F47-AD5B-989CFECA2050,"Special Education"
846,VA,E30E5AEE-41DB-440F-9F96-DFE3BAEB5267,5FAD8052-5F15-495E-A82A-147213A900B9,"School Discipline"
847,VA,E2407195-36DA-47D2-B433-F0BC26EC1BE7,FFF80108-9FB6-42D4-ADD2-00ABDBD36A7D,"Personal Injury"
848,VA,E2407195-36DA-47D2-B433-F0BC26EC1BE7,A7ED80D1-DCA9-4F41-B300-7F5CA4C7E675,Expungement
849,VA,E2407195-36DA-47D2-B433-F0BC26EC1BE7,2A5FE8F4-5A2E-4FB1-8617-55AAB74F40A4,"Natural Disaster - Insurance"
850,VA,E2407195-36DA-47D2-B433-F0BC26EC1BE7,15D40726-C2AC-48AE-BACE-B796AD6F4998,"Natural Disaster - Lost Documents"
851,VA,E2407195-36DA-47D2-B433-F0BC26EC1BE7,57F80FCA-C17B-42CF-A2BF-4D9E668C876E,Other
852,VA,E2407195-36DA-47D2-B433-F0BC26EC1BE7,609BC7C6-B76B-4436-9B4E-B864BFC41A80,"Natural Disaster - Other"
853,VA,E2407195-36DA-47D2-B433-F0BC26EC1BE7,834963DB-0ADD-4A23-904F-EF49E4BE6355,"Natural Disaster - Wills and Probate"
854,VA,CC22017D-4C32-4B1E-9536-FA6FCCFEAABA,D1C48F69-0D22-408D-9CF1-5F6B4BE6C142,"Worker's Comp"
855,VA,CC22017D-4C32-4B1E-9536-FA6FCCFEAABA,6F020A6D-8D1A-47E9-ACA1-790B59F921B2,Benefits
856,VI,365589FC-A8EF-47AC-AF8B-13D023D0E625,BD5F6A1D-B589-4303-AD3D-A8AD2B3FDF84,"Emancipation and Delinquency"
857,VI,5786C6C1-9772-4045-B947-14DDC9565850,1F0D5B7D-E092-4187-A36B-E742DA4A74F2,"Health Care"
858,VI,5786C6C1-9772-4045-B947-14DDC9565850,73716037-FD6F-48B9-B552-99458FF531FC,"Medicaid/Medicare/Affordable Care Act"
859,VI,2B053093-EA9A-450D-86F8-183AC2BFF879,28C5D66A-D50E-484A-AEC8-48DB7EEC155B,"School Discipline"
860,VI,2B053093-EA9A-450D-86F8-183AC2BFF879,694EF10F-0EEC-4B36-8261-6676B3684B7A,"Special Education"
861,VI,769B1C8F-66E8-418D-9D7D-28A25490B01B,0C9BAFD3-92F8-4061-B54B-AA83061A393B,Immigration
862,VI,769B1C8F-66E8-418D-9D7D-28A25490B01B,8AC9559D-7C8B-4173-921E-FE6A68578076,"Civil/Constitutional Rights"
863,VI,17220F25-816B-4372-9052-4FDECF1AE7FC,BC50C812-B607-495C-8F61-B7503A2C4359,Expungement
864,VI,17220F25-816B-4372-9052-4FDECF1AE7FC,7FEF47B9-32FE-43FE-B4A2-E6CA2278B2E8,"Personal Injury"
865,VI,17220F25-816B-4372-9052-4FDECF1AE7FC,AA1F9141-956F-4280-8A23-F182077A80E4,Other
866,VI,97CDA4A9-80D2-455D-A483-D17A7A489CAA,FC19344B-6B14-4526-A088-8D5FAE999871,Benefits
867,VI,97CDA4A9-80D2-455D-A483-D17A7A489CAA,17412044-F3D1-423F-B44F-5AB9AAAE62A0,"Worker's Comp"
868,VI,D9E470FF-2969-4B29-BB8B-D6DC9449B134,B9E337DD-7C49-49DF-BAA0-B8C7B86FE2AC,Work
869,VI,622AF6EF-7C78-477E-8BEB-D8FCE13F9008,E760252A-EF4F-471D-A957-0DEFD3D303AB,Family/Divorce/Custody
870,VI,622AF6EF-7C78-477E-8BEB-D8FCE13F9008,879757CE-CF5B-441D-BDAB-2ECC2708E630,Wills/Inheritance
871,VI,BFD4D70D-5BFB-49F4-B400-D941BC53B978,4F54ABFF-C6E2-4814-9CA3-878AB003B594,"Housing or Property Owned"
872,VI,8E694153-1473-4486-97BD-F48F8703F269,8AB3868F-59EA-408D-9966-976B020CCF92,"Debts & Purchases"
873,VI,8E694153-1473-4486-97BD-F48F8703F269,A4FE7A84-D07C-4E99-84B4-902FD038518B,"Natural Disaster"
874,VT,511027BB-2706-4228-8027-3B23FA3940AC,BCAB16E8-DE34-4F4C-B522-F5C26817AE51,"Civil/Constitutional Rights"
875,VT,511027BB-2706-4228-8027-3B23FA3940AC,BBB41FEB-D266-48FC-818A-EEE3ACCEEC4C,Immigration
876,VT,98F3C8D2-D3F0-4B18-B213-544CD1F7C6C9,15ECE3B6-6E97-4A21-BCCB-5FF8E859BE3B,"Worker's Comp"
877,VT,98F3C8D2-D3F0-4B18-B213-544CD1F7C6C9,522C97FF-3397-40E4-A6B9-3D70E0B829F3,Benefits
878,VT,DD3953BD-C858-4D2A-9CC7-5D46C2664FBE,7E726FE5-D4C8-45DC-B2C7-BD37E89459E3,"Housing or Property Owned"
879,VT,F636C328-A52A-49FC-A2F4-63DBE9830840,47BCCF6D-A9B2-4FB5-BE01-DC61A3BC5518,"Emancipation and Delinquency"
880,VT,EE6C6848-35C1-4FD2-B05D-A86C640198D1,7ED228FD-E48C-4F09-884D-21D6B17FA9E6,"Health Care"
881,VT,EE6C6848-35C1-4FD2-B05D-A86C640198D1,B9D612DB-229B-42F8-8D4A-F88D06EB18A5,"Medicaid/Medicare/Affordable Care Act"
882,VT,1D508E0E-0349-4840-921A-C8EBE4F76A63,7745958C-756F-4253-ADC1-358CFE770249,"Personal Injury"
883,VT,1D508E0E-0349-4840-921A-C8EBE4F76A63,4493CADE-C08B-4AFD-B8B4-D5A5BBA8DDA4,Expungement
884,VT,1D508E0E-0349-4840-921A-C8EBE4F76A63,3F599806-1061-4DB3-AC2A-F3A5B10F8E3D,Other
885,VT,E8792BE7-5EB3-4540-AA27-CD6EF652200D,CF4D2A6A-8821-476F-819F-CE39F77A309C,Wills/Inheritance
886,VT,E8792BE7-5EB3-4540-AA27-CD6EF652200D,29AA752C-79B5-4CB4-A862-2AE471A44EDE,Family/Divorce/Custody
887,VT,3E763AAC-D1F8-4072-A2E5-DB4DDED74C47,32162363-127E-4A30-8FC5-6CE0E06BC4A2,"Debts & Purchases"
888,VT,3E763AAC-D1F8-4072-A2E5-DB4DDED74C47,0C3FBD89-3F06-4214-8FFD-6AA98D922498,"Natural Disaster"
889,VT,2C483B4C-2552-4FC3-8037-E5E6A26D3AC6,ECDF6839-A070-41F3-95B9-C001E6066517,"Special Education"
890,VT,2C483B4C-2552-4FC3-8037-E5E6A26D3AC6,B7E671B7-B4E5-4190-9B38-7F67E82F8A04,"School Discipline"
891,VT,AC078ADF-6EDD-4115-8BA8-F700CCE6B86C,7DFA385D-070D-4C52-A590-137A0F85D9D8,Work
892,WA,DCB1C29A-03C3-40C7-80CC-0A2C134D67BC,ADCEEDEF-03DA-476E-A9AA-EAF0A0F8E234,"Health Care"
893,WA,DCB1C29A-03C3-40C7-80CC-0A2C134D67BC,328E4478-3F8E-4AF9-8991-FD3844DB01D6,"Medicaid/Medicare/Affordable Care Act"
894,WA,1E7DF841-2BA9-4F3E-9961-2E05E906F71D,B810C5E5-AA12-44F8-ACC2-FE9131C5A8EE,Benefits
895,WA,1E7DF841-2BA9-4F3E-9961-2E05E906F71D,4A5C5680-E7C2-4A8A-BE2A-96E5DB510A44,"Worker's Comp"
896,WA,8B4D3558-0DA8-438B-A16D-31BC4855D3EC,DB0AC643-4C19-4827-AEC4-B0D47CEC17C1,Wills/Inheritance
897,WA,8B4D3558-0DA8-438B-A16D-31BC4855D3EC,A68B6913-8F1D-4C7F-BEE7-60D3479F5598,Family/Divorce/Custody
898,WA,8D9C56E9-710E-492A-917B-4336484BFB23,5B0601DC-0630-464E-8A6E-1056634CBE7D,Expungement
899,WA,8D9C56E9-710E-492A-917B-4336484BFB23,4839B68C-8507-48F4-BFD9-522EF8FD8E90,"Personal Injury"
900,WA,8D9C56E9-710E-492A-917B-4336484BFB23,068F509E-7BD7-409B-9310-9E82A617A637,Other
901,WA,3896A543-0607-4A6B-8A2A-4E0B80C753B5,7EB7328C-636D-4C67-A54F-864F69108BC0,"Natural Disaster"
902,WA,3896A543-0607-4A6B-8A2A-4E0B80C753B5,99036BDF-C52F-4E17-9FB4-989A0E2FFE9C,"Debts & Purchases"
903,WA,6BD2B578-717F-4FFC-8F81-4EFF3FA7AA1B,2122888F-0B30-4742-987A-EFCB339CD5EE,"Emancipation and Delinquency"
904,WA,F1418D73-0986-447D-A008-73189339811A,C0C2021C-AF17-4CB1-9B27-1BC4BF8BBDB5,Work
905,WA,8F79CD8D-D5A2-45B1-91B2-B2AE6FF35AD0,A4A36246-063E-4679-A411-D2DBBE2F610B,"School Discipline"
906,WA,8F79CD8D-D5A2-45B1-91B2-B2AE6FF35AD0,D736BFAE-90A4-4785-9140-665B9D52D675,"Special Education"
907,WA,7CE06CCF-F653-4DE2-8A64-C88A387DEF00,6200C327-029F-4A99-A7B8-2C59001A6B30,Immigration
908,WA,7CE06CCF-F653-4DE2-8A64-C88A387DEF00,2FF0B964-3717-41B3-BDD0-C103E3892676,"Civil/Constitutional Rights"
909,WA,E05B6199-5923-4E11-BE51-E4AB0E019138,E80A64A1-57B3-4742-A754-C546E941DF61,"Housing or Property Owned"
910,WI,BEFD07AE-307A-462D-A382-3D9537FD5848,6EF6A4D2-266C-459A-AA48-85737EA026F0,Seniors
911,WI,BEFD07AE-307A-462D-A382-3D9537FD5848,B1E13555-67CD-4B01-B568-AD62B17EA444,"Health insurance"
912,WI,6AC0932F-4F5D-4427-BE90-544E30371692,EFFB5BC4-E057-4782-B28E-8D0CD1509C93,Family
913,WI,3CEFCF79-EDA1-4EA6-81B6-5C53E8902126,A6222F04-7986-450F-8731-1EF36E901A69,Employment/Unemployment
914,WI,3CEFCF79-EDA1-4EA6-81B6-5C53E8902126,E11E3EBB-758F-4D29-9F2C-8F79627395E9,Tax
915,WI,3CEFCF79-EDA1-4EA6-81B6-5C53E8902126,007A8ADC-AA3A-46CD-A580-6ED75E29F0B1,"Expungement and Pardons"
916,WI,3CEFCF79-EDA1-4EA6-81B6-5C53E8902126,07748291-E9D2-4A70-BDA2-31457B8A7908,"Workers Compensation"
917,WI,2AEEFB11-C0AF-4684-AC15-6A41C88E06AD,C8381675-97B6-4E74-AF5A-61C9581C64DC,"Civil Rights"
918,WI,2AEEFB11-C0AF-4684-AC15-6A41C88E06AD,F003B31E-E548-4EEF-9D12-03B44893293E,Disability
919,WI,2AEEFB11-C0AF-4684-AC15-6A41C88E06AD,BF56D6A0-ED58-40F3-BD2C-0AF509152AE0,Immigration
920,WI,39D2AE29-B0F0-472C-BF63-8F0D10EAF144,95BF0926-A4DF-4A20-9A8D-37BD87FA5888,Education
921,WI,07CAED26-1AFD-4EEE-8B0E-B3B3C919E65C,25DFB122-CBF9-4E85-A17B-9326A90BDF22,Other
922,WI,07CAED26-1AFD-4EEE-8B0E-B3B3C919E65C,D3BABEA5-472B-498F-BB9F-BB0E129A417E,"Indian Law"
923,WI,07CAED26-1AFD-4EEE-8B0E-B3B3C919E65C,108B5F1F-C851-42F7-8816-E15483F6AE16,"Driver's License"
924,WI,07CAED26-1AFD-4EEE-8B0E-B3B3C919E65C,70FFF171-3B12-4240-84E7-75F06D7118B8,"Probate, Wills & POA"
925,WI,07CAED26-1AFD-4EEE-8B0E-B3B3C919E65C,FE8F1C9A-EBF8-40C6-B43A-27CDCFF8A841,Nonprofits
926,WI,07CAED26-1AFD-4EEE-8B0E-B3B3C919E65C,B5E5EB7B-A189-49A1-800B-EF2CF522CD94,"Life and Property Insurance"
927,WI,07CAED26-1AFD-4EEE-8B0E-B3B3C919E65C,A033DF48-8A48-4029-8E57-CEC6F637C9D7,"Municipal tickets"
928,WI,07CAED26-1AFD-4EEE-8B0E-B3B3C919E65C,7D7F0BE6-AA0E-41B1-B291-CD5441922B32,"Personal Injury"
929,WI,07CAED26-1AFD-4EEE-8B0E-B3B3C919E65C,F5AF45D9-AA78-4AD7-93D0-8815A080C11A,Criminal
930,WI,07CAED26-1AFD-4EEE-8B0E-B3B3C919E65C,C9FF4800-1539-4589-9CD4-7E4628D0FA0C,"Personal Property"
931,WI,E6BC7010-34E5-46D1-9A26-CBFCAFC10693,4E019772-62BA-4E4B-B87E-13351D708F82,"Debts & Purchases"
932,WI,0D99E8BC-9E4C-4A8B-9395-CE23FAB3AA03,1FAC23DE-08D4-432B-BFD9-71DE89374E21,"Veterans benefits"
933,WI,0D99E8BC-9E4C-4A8B-9395-CE23FAB3AA03,11DA6B03-68B4-4666-9D8B-D50FC3357C87,"Public Benefits (SS, SSI, SSDI, W-2)"
934,WI,A5E4AF0B-8628-468E-B658-D04F71F954EA,273FE7F2-8201-4902-8B67-0407314D4298,"Real Estate"
935,WI,A5E4AF0B-8628-468E-B658-D04F71F954EA,CD6D60BE-4975-48DD-96F2-DF30811C3727,Tenant-Landlord
936,WV,C4A6C725-9B84-46C6-B0A4-1DF6ADBBE2F2,7CDDAA23-5C33-4AEB-8423-75BF425BCAB6,"Health Care"
937,WV,C4A6C725-9B84-46C6-B0A4-1DF6ADBBE2F2,DDD77058-7857-4452-8859-C254D38EE12D,"Medicaid/Medicare/Affordable Care Act"
938,WV,9BA53A32-02F7-4068-B5AB-457CFE3281EC,B31395F4-815E-4FCB-A873-AD0ABE141C87,Taxes
939,WV,9BA53A32-02F7-4068-B5AB-457CFE3281EC,48096FF1-0456-42D4-BD22-DEF6EDED3717,"Consumer and Debt"
940,WV,9BA53A32-02F7-4068-B5AB-457CFE3281EC,9D571DA3-C261-4382-9040-0B0C292757BC,Bankruptcy
941,WV,B4B89D02-EC34-4CDA-A0C2-5C886F71A844,9C8C8761-04C4-4B25-8DCA-923FADDB05DC,"Employment and Work"
942,WV,0F48030D-1CAD-431B-9A9A-698DEF0837C6,1DD2DE9F-4E2C-4F0A-AF87-F344024ED4F2,"Personal Injury"
943,WV,85FBCFD0-DEC5-4F93-A6DF-A2CE535F3F7E,794CEDCA-0DC6-44FB-89CB-5A84A7E60B92,"Public Benefits"
944,WV,22F95047-C601-46BE-89F2-BBFB3368A4B9,89BA1E01-8BA4-4EA9-AFFE-0E586A26FD16,"Housing and Property"
945,WV,E8B2EE29-E71B-4E25-8239-F0458D3EF02E,4421A413-9240-4174-BEA0-B77041CAAFC7,"Family/Divorce/Custody/Domestic Violence"
946,WV,E8B2EE29-E71B-4E25-8239-F0458D3EF02E,7B7E27E5-5511-4ED9-AB05-E8B25736BD24,"Wills and Estates"
947,WY,5908F1CF-E396-4A36-B187-1353E2183017,998D30DD-A8BE-4B13-B94F-51F3596983C6,"Debts & Purchases"
948,WY,5908F1CF-E396-4A36-B187-1353E2183017,521D3442-5B1A-4375-B585-DC352F7685BB,"Natural Disaster"
949,WY,5908F1CF-E396-4A36-B187-1353E2183017,08E07369-3643-4D03-A9D5-C65700CC2904,Bankruptcy
950,WY,46C093BA-DC08-4606-80E2-2C5BC5FB220E,ABF7BC40-15FF-47D7-B6E7-43A1C6CBAC94,"Worker's Comp"
951,WY,46C093BA-DC08-4606-80E2-2C5BC5FB220E,6309D7B4-9EFF-4305-AEAD-A92746FE28CA,Benefits
952,WY,AC51F6BE-C7AC-489A-86CA-3214B4DA9F14,C2F8248D-D9D0-4117-896B-53D7415AD8A3,"Personal Injury"
953,WY,AC51F6BE-C7AC-489A-86CA-3214B4DA9F14,7F9FA7DA-8609-4698-8ACE-9E43E5E50280,Expungement
954,WY,AC51F6BE-C7AC-489A-86CA-3214B4DA9F14,A2A93AEB-E592-404F-947B-20503AA99276,"Name Change"
955,WY,AC51F6BE-C7AC-489A-86CA-3214B4DA9F14,479491F2-9E40-4156-8D78-0ED2741FE186,Other
956,WY,69C51F56-C15B-4EE1-A497-43E9A7E483DF,5933339D-45A6-4A66-AA1B-FA99EE53B67B,Work
957,WY,67ACDB29-A83B-4225-8B98-65C553C2FED8,E1CDC35E-CD80-4CB0-9C18-C7E56DA28070,"Emancipation and Delinquency"
958,WY,B493CC26-B797-4A33-BEED-7C7146A3300A,7820FAD7-6BDF-47AD-88A2-2DB5C6C6FA70,Family/Divorce/Custody
959,WY,B493CC26-B797-4A33-BEED-7C7146A3300A,F2C650A2-5B9B-44FA-8BA3-35FF33A04733,Wills/Inheritance
960,WY,66010D0A-AC32-4F3D-A1F8-7D5DEC843221,FF48A4F6-F234-4CEE-9E01-F7A1FB61A2E0,Immigration
961,WY,66010D0A-AC32-4F3D-A1F8-7D5DEC843221,DB31704B-90ED-402F-8B77-D6930100BE63,"Civil/Constitutional Rights"
962,WY,74C4356D-EFA5-4463-8950-8E1928329093,E1463DCE-5B93-43F6-BC68-05F91CA344F1,"Special Education"
963,WY,74C4356D-EFA5-4463-8950-8E1928329093,CB0BA2BD-F401-4C31-81C7-1D11702D4811,"School Discipline"
964,WY,E2E045B5-A46D-4FE4-9836-B55EBB7BE7C5,0110E9E9-F52A-45B2-BB92-6175D920AF37,"Housing or Property Owned"
965,WY,E0C8CF8A-66A6-4350-AE8F-F1AD14EC593F,59A502EB-6E7E-4352-B635-FD27D7E6A5A8,"Health Care"
966,WY,E0C8CF8A-66A6-4350-AE8F-F1AD14EC593F,35C66DC3-B964-4055-9E53-1875460FBCD8,"Medicaid/Medicare/Affordable Care Act"
